id2,type_categorie,code_objet,code_gpr,libelle,etiquette,description_infobulle,description_compo_auto,departement,id_route,nom_plo,abscisse,departement_fin,id_route_fin,nom_plo_fin,abscisse_fin,portee,abscum,longueur,code_gestionnaire,libelle_amont,libelle_aval,localisable,hors_axe,hors_riu,x,y,genre,centre_responsable,id_agent,date_modification,code_erreur,erreur
Pl_5,pl,Stock_PL_N79_71PR50D,,30,30,La Chapelle du Mont de France _ 42-71-N79-51-1 _ capacité 30 - située sur BAU  _ District Mâcon _ CEI CHARANY LES MACON,zone de stockage PL N° 42-71-N79-51-1 de La Chapelle du Mont de France,71,N0079,71PR50D,600,71,N0079,71PR51D,150,D,564,,DIRCE,VRAI,,0,0,0,,,FEMININ,DIRCE,stephanie.wattiez@developpement-durable.gouv.fr,2014-03-19 00:00:00,,
Pl_6,pl,Stock_PL_N79_71PR59D,,50,50,Ste Cécile  _ 42-71-N79-60-1 _ capacité 50 - située sur BAU  _ District Mâcon _ CEI CHARANY LES MACON,zone de stockage PL N° 42-71-N79-60-1 de Ste Cécile,71,N0079,71PR60D,22,71,N0079,71PR60D,700,I,874,,DIRCE,VRAI,,0,0,0,,,FEMININ,DIRCE,stephanie.wattiez@developpement-durable.gouv.fr,2014-03-19 00:00:00,,
Pl_12,pl,Stock_PL_N80_71PR27G,,65,65,Sainte Hélène _ 42-71-N80-27-2 _ capacité 65 - située sur BAU  _ District Mâcon _ CEI MONCHANIN,zone de stockage PL N° 42-71-N80-27-2 de Sainte Hélène,71,N0080,71PR27G,0,71,N0080,71PR28G,0,G,1000,,DIRCE,VRAI,,0,0,0,,,FEMININ,DIRCE,stephanie.wattiez@developpement-durable.gouv.fr,2014-03-19 00:00:00,,
Pl_17,pl,Stock_PL_N79_71PR14D,,70,70,Volesvres _ 42-71-N79-15-1 _ capacité 70 - située sur BAU  _ District Mâcon _ CEI PARAY LE MONIAL,zone de stockage PL N° 42-71-N79-15-1 de Volesvres,71,N0079,71PR14D,0,71,N0079,71PR15D,400,D,900,,DIRCE,VRAI,,0,0,0,,,FEMININ,DIRCE,stephanie.wattiez@developpement-durable.gouv.fr,2014-03-19 00:00:00,,
Pl_1,pl,Stock_PL_A38_21PR0D,,100,100,Créancey _  42-21-A38-2-1 _ capacité 100 - située sur VD  _ District Mâcon _ CEI A38,zone de stockage PL N°  42-21-A38-2-1 de Créancey,21,A0038,21PR0D,0,21,A0038,21PR2D,0,D,2008,,DIRCE,,,0,0,0,,,FEMININ,DIRCE,stephanie.wattiez@developpement-durable.gouv.fr,2014-03-19 00:00:00,,
Pl_16,pl,Stock_PL_N79_71PR5G,,100,100,Vitry en Charolais  _ 42-71-N79-D979-15-2 _ capacité 100 - située sur Zone d’activité  _ District Mâcon _ CEI PARAY LE MONIAL,zone de stockage PL N° 42-71-N79-D979-15-2 de Vitry en Charolais,71,N0079,71PR5G,500,71,N0079,71PR6G,500,G,815,,DIRCE,VRAI,,0,0,0,,,FEMININ,DIRCE,stephanie.wattiez@developpement-durable.gouv.fr,2014-03-19 00:00:00,,
Pl_22,pl,Stock_PL_N7_3PR21G,,115,115,Moulins  _ N7 - STO12 _ capacité 115 - située sur BAU  _ District Moulins _ CEI TOULON SUR ALLIER,zone de stockage PL N° N7 - STO12 de Moulins,3,N0007,03PR21G,0,3,N0007,03PR22G,0,G,1093,,DIRCE,VRAI,,0,0,0,,,FEMININ,DIRCE,stephanie.wattiez@developpement-durable.gouv.fr,2014-03-19 00:00:00,,
Pl_11,pl,Stock_PL_N80_71PR27D,,135,135,Marcilly les Buxy _ 42-71-N80-30-1 _ capacité 135 - située sur BAU  _ District Mâcon _ CEI MONCHANIN,zone de stockage PL N° 42-71-N80-30-1 de Marcilly les Buxy,71,N0080,71PR27D,200,71,N0080,71PR30D,500,D,3300,,DIRCE,VRAI,,0,0,0,,,FEMININ,DIRCE,stephanie.wattiez@developpement-durable.gouv.fr,2014-03-19 00:00:00,,
Pl_2,pl,Stock_PL_A38_21PR21G,,150,150,Pont de Pany - Fleurey sur Ouche   _ 42-21A38-21-1 _ capacité 150 - située sur VD  _ District Mâcon _ CEI A38,zone de stockage PL N° 42-21A38-21-1 de Pont de Pany - Fleurey sur Ouche,21,A0038,21PR21G,500,21,A0038,21PR25G,0,G,3518,,DIRCE,,,0,0,0,,,FEMININ,DIRCE,stephanie.wattiez@developpement-durable.gouv.fr,2014-03-19 00:00:00,,
Pl_28,pl,Stock_PL_N7_3PR65G,,150,150,Lapalisse _  N7 - STO10 _ capacité 150 - située sur BAU  _ District Moulins _ CEI VARENNES SUR ALLIER,zone de stockage PL N°  N7 - STO10 de Lapalisse,3,N0007,03PR65G,0,3,N0007,03PR70G,0,G,4358,,DIRCE,VRAI,,0,0,0,,,FEMININ,DIRCE,stephanie.wattiez@developpement-durable.gouv.fr,2014-03-19 00:00:00,,
Pl_19,pl,Stock_PL_N79_71PR29D,,190,190,Vendenesse  _ 42-71-N79-33-1 _ capacité 190 - située sur BAU  _ District Mâcon _ CEI PARAY LE MONIAL,zone de stockage PL N° 42-71-N79-33-1 de Vendenesse,71,N0079,71PR29D,200,71,N0079,71PR33D,0,D,38001,,DIRCE,VRAI,,0,0,0,,,FEMININ,DIRCE,stephanie.wattiez@developpement-durable.gouv.fr,2014-03-19 00:00:00,,
Pl_8,pl,Stock_PL_N77_10PR24U,,200,200,Souligny  -  Saint Germain  _ 42-10-N77-24-2 _ capacité 200 - située sur VG  _ District La Charité _ CEI LE CHEMINOT,zone de stockage PL N° 42-10-N77-24-2 de Souligny  -  Saint Germain,10,N0077,10PR24U,450,10,N0077,10PR28U,800,I,4338,,DIRCE,VRAI,,0,0,0,,,FEMININ,DIRCE,stephanie.wattiez@developpement-durable.gouv.fr,2014-03-19 00:00:00,,
Pl_7,pl,Stock_PL_N79_71PR66G,,300,300,Sologny _ 42-71-N79-66-2 _ capacité 300 - située sur BAU  _ District Mâcon _ CEI CHARANY LES MACON,zone de stockage PL N° 42-71-N79-66-2 de Sologny,71,N0079,71PR66G,0,71,N0079,71PR72G,0,G,5976,,DIRCE,VRAI,,0,0,0,,,FEMININ,DIRCE,stephanie.wattiez@developpement-durable.gouv.fr,2014-03-19 00:00:00,,
Pl_4,pl,Stock_PL_A38_21PR25G,,400,400,Fleurey sur Ouche - Plombières  _ 42-21-A38-25-2 _ capacité 400 - située sur VD  _ District Mâcon _ CEI A38,zone de stockage PL N° 42-21-A38-25-2 de Fleurey sur Ouche - Plombières,21,A0038,21PR25G,800,21,A0038,21PR35G,100,G,9361,,DIRCE,,,0,0,0,,,FEMININ,DIRCE,stephanie.wattiez@developpement-durable.gouv.fr,2014-03-19 00:00:00,,
Pl_10,pl,Stock_PL_N80_71PR14G,,475,475,Givry  _ 42-71-N80-14-2 _ capacité 475 - située sur BAU  _ District Mâcon _ CEI MONCHANIN,zone de stockage PL N° 42-71-N80-14-2 de Givry,71,N0080,71PR14G,500,71,N0080,71PR25G,0,G,6984,,DIRCE,VRAI,,0,0,0,,,FEMININ,DIRCE,stephanie.wattiez@developpement-durable.gouv.fr,2014-03-19 00:00:00,,
Pl_13,pl,Stock_PL_N80_71PR31D,,475,475,Givry _ 42-71-N80-25-1 _ capacité 475 - située sur BAU  _ District Mâcon _ CEI MONCHANIN,zone de stockage PL N° 42-71-N80-25-1 de Givry,71,N0080,71PR31D,500,71,N0080,71PR37D,500,D,9586,,DIRCE,VRAI,,0,0,0,,,FEMININ,DIRCE,stephanie.wattiez@developpement-durable.gouv.fr,2014-03-19 00:00:00,,
Pl_9,pl,Stock_PL_N70_71PR26D,,500,500,Blanzy  _ 42-71-N70-36-1 _ capacité 500 - située sur BAU  _ District Mâcon _ CEI MONCHANIN,zone de stockage PL N° 42-71-N70-36-1 de Blanzy,71,N0070,71PR26D,500,71,N0070,71PR36D,700,D,10167,,DIRCE,VRAI,,0,0,0,,,FEMININ,DIRCE,stephanie.wattiez@developpement-durable.gouv.fr,2014-03-19 00:00:00,,
Pl_3,pl,Stock_PL_A38_21PR21D,,750,750,Plombières les Dijon _ 42-21-A38-36-1 _ capacité 750 - située sur VD  _ District Mâcon _ CEI A38,zone de stockage PL N° 42-21-A38-36-1 de Plombières les Dijon,21,A0038,21PR21D,0,21,A0038,21PR36U,0,D,15331,,DIRCE,,,0,0,0,,,FEMININ,DIRCE,gls2@developpement-durable.gouv.fr,2014-10-10 15:28:01,,
Pl_20,pl,Stock_PL_N7_3PR8D,,1000,1000,Moulins  _ N7 - STO3 _ capacité 1000 - située sur BAU  _ District Moulins _ CEI TOULON SUR ALLIER,zone de stockage PL N° N7 - STO3 de Moulins,3,N0007,03PR8D,438,3,N0007,03PR22D,0,D,17960,,DIRCE,VRAI,,0,0,0,,,FEMININ,DIRCE,stephanie.wattiez@developpement-durable.gouv.fr,2014-03-19 00:00:00,,
Pl_21,pl,Stock_PL_N7_3PR8G,,1000,1000,Moulins  _ N7 - STO14 _ capacité 1000 - située sur BAU  _ District Moulins _ CEI TOULON SUR ALLIER,zone de stockage PL N° N7 - STO14 de Moulins,3,N0007,03PR8G,438,3,N0007,03PR22G,0,G,17982,,DIRCE,VRAI,,0,0,0,,,FEMININ,DIRCE,stephanie.wattiez@developpement-durable.gouv.fr,2014-03-19 00:00:00,,
ZPL_USXV_692620263,pl,ZPL_USXV_692620263,,Sans Objet,Sans Objet,Zone de stockage PL A13_SAPN27_PR63_2 - Localisation : VG VM - Nb voies : 2 - Capacité : 2700 - Intempérie : F - Commentaire : Neutralisation,Sans Objet,78,A0013,78PR63GC,0,78,A0013,78PR67GC,0,G,0,,SAPN,,,0,0,0,,,FEMININ,Cidf,Jean-Louis.Mounier@developpement-durable.gouv.fr,2013-02-05 00:00:00,,
PIAM A50 / 6,pl,PIAM A50 / 6,,Sans Objet,Sans Objet,SAINT CYR - LA CIOTAT Sens : Toulon - Marseille- Nb voies: 1 - capacité en PL 330 - Intempérie - F,Sans Objet,13,A0050,13PR36GC,0,83,A0050,83PR43GC,0,G,,,ESCOTA,,,0,0,0,,,FEMININ,Cmed,bernard.morelet@developpement-durable.gouv.fr,2013-11-22 14:55:12,,
PIAM A50 / 7,pl,PIAM A50 / 7,,Sans Objet,Sans Objet,Sens: Marseille - Aubagne- Nb voies: 2 - capacité en PL 150 - Intempérie - F,Sans Objet,13,A0050,13PR11D,0,13,A0050,13PR9D,0,D,,,ESCOTA,,,0,0,0,,,FEMININ,Cmed,bernard.morelet@developpement-durable.gouv.fr,2013-11-22 14:57:23,,
PIAM A50/1 Sens MARSEILLE/TOULON,pl,PIAM A50/1 Sens MARSEILLE/TOULON,,Sans Objet,Sans Objet,PIAM A50/1 Sens MARSEILLE/TOULON sens1PR43.40 - Nb voies de stockage : 1 - Capacité : 340 - Intempérie : F,Sans Objet,83,A0050,83PR43DC,400,13,A0050,13PR36DC,500,D,,,ESCOTA,,,0,0,0,,,FEMININ,Cmed,bernard.morelet@developpement-durable.gouv.fr,2013-11-22 15:01:31,,
PIAM A50/3 Sens MARSEILLE/TOULON,pl,PIAM A50/3 Sens MARSEILLE/TOULON,,Sans Objet,Sans Objet,PIAM A50/3 Sens MARSEILLE/TOULON sens1PR63 - Nb voies de stockage : 2 - Capacité : 500 - Intempérie : F,Sans Objet,83,A0050,83PR63DC,0,83,A0050,83PR58DC,500,D,,,ESCOTA,,,0,0,0,,,FEMININ,Cmed,bernard.morelet@developpement-durable.gouv.fr,2013-11-22 15:50:45,,
PIAM A50/4 Sens TOULON/MARSEILLE,pl,PIAM A50/4 Sens TOULON/MARSEILLE,,Sans Objet,Sans Objet,PIAM A50/4 Sens TOULON/MARSEILLE sens1PR56.50 - Nb voies de stockage : 2 - Capacité : 560 - Intempérie : F,Sans Objet,83,A0050,83PR56GC,500,83,A0050,83PR62GC,100,G,,,ESCOTA,,,0,0,0,,,FEMININ,Cmed,bernard.morelet@developpement-durable.gouv.fr,2013-11-22 15:51:26,,
PIAM A50/5 Sens TOULON/MARSEILLE,pl,PIAM A50/5 Sens TOULON/MARSEILLE,,Sans Objet,Sans Objet,PIAM A50/5 Sens TOULON/MARSEILLE sens1PR45 - Nb voies de stockage : 1 - Capacité : 210 - Intempérie : F,Sans Objet,83,A0050,83PR45GC,0,83,A0050,83PR49GC,200,G,,,ESCOTA,,,0,0,0,,,FEMININ,Cmed,bernard.morelet@developpement-durable.gouv.fr,2013-11-22 15:51:51,,
PIAM A51/1Sens AIX/LA SAULCE,pl,PIAM A51/1Sens AIX/LA SAULCE,,Sans Objet,Sans Objet,PIAM A51/1Sens AIX/LA SAULCE sens1PR41 - Nb voies de stockage : 1 - Capacité : 250 - Intempérie : F,Sans Objet,13,A0051,13PR41DC,0,13,A0051,13PR36DC,0,D,,,DIRMED,,,0,0,0,,,FEMININ,Cmed,bernard.morelet@developpement-durable.gouv.fr,2013-11-22 15:52:11,,
PIAM A51/2 Sens AIX/LA SAULCE,pl,PIAM A51/2 Sens AIX/LA SAULCE,,Sans Objet,Sans Objet,PIAM A51/2 Sens AIX/LA SAULCE sens1PR76.55 - Nb voies de stockage : 1 - Capacité : 235 - Intempérie : F,Sans Objet,4,A0051,04PR76DC,550,4,A0051,04PR71DC,850,D,,,DIRMED,,,0,0,0,,,FEMININ,Cmed,bernard.morelet@developpement-durable.gouv.fr,2013-11-22 15:52:53,,
PIAM A51/3 Sens LA SAULCE/AIX,pl,PIAM A51/3 Sens LA SAULCE/AIX,,Sans Objet,Sans Objet,PIAM A51/3 Sens LA SAULCE/AIX sens2PR112 - Nb voies de stockage : 1 - Capacité : 123 - Intempérie : F,Sans Objet,4,A0051,04PR112GC,0,4,A0051,04PR114GC,450,G,,,DIRMED,,,0,0,0,,,FEMININ,Cmed,bernard.morelet@developpement-durable.gouv.fr,2013-11-22 15:53:45,,
PIAM A51/4 Sens: LA SAULCE/AIX,pl,PIAM A51/4 Sens: LA SAULCE/AIX,,Sans Objet,Sans Objet,"PIAM A51/4 Sens: LA SAULCE/AIX sens2 PR33,45 - Nb voies de stockage: 1 -Capacité : 123-Intempérie : F",Sans Objet,13,A0051,13PR33GC,550,13,A0051,13PR31GC,50,G,,,ESCOTA,,,0,0,0,,,FEMININ,Cmed,bernard.morelet@developpement-durable.gouv.fr,2013-11-22 15:54:46,,
PIAM A51/5 Sens: AIX/MARSEILLE,pl,PIAM A51/5 Sens: AIX/MARSEILLE,,Sans Objet,Sans Objet,"PIAM A51/5 Sens: AIX/MARSEILLE sens2 PR9,95 - Nb voies de stockage: 1- Capacité: 225-Intempéries:F",Sans Objet,13,A0051,13PR9G,950,13,A0051,13PR5G,400,G,,,ESCOTA,,,0,0,0,,,FEMININ,Cmed,bernard.morelet@developpement-durable.gouv.fr,2013-11-22 16:36:31,,
PIAM A51/6 Sens: MARSEILLE/AIX,pl,PIAM A51/6 Sens: MARSEILLE/AIX,,Sans Objet,Sans Objet,"PIAM A51/6 Sens: MARSEILLE/AIX sens1 PR6,75 - Nb voies de stockage: 1- Capacité: 145- Intempéries: F",Sans Objet,13,A0051,13PR6D,750,13,A0051,13PR9D,650,D,,,ESCOTA,,,0,0,0,,,FEMININ,Cmed,bernard.morelet@developpement-durable.gouv.fr,2013-11-22 16:37:49,,
PIAM A52/2 Sens: A8/AUBAGNE,pl,PIAM A52/2 Sens: A8/AUBAGNE,,Sans Objet,Sans Objet,"PIAM A52/2 Sens: A8/AUBAGNE sens1 PR22,15 -Nb voies de stockage: 1 - Capacité: 127 – Intempéries: F",Sans Objet,13,A0052,13PR22DC,150,13,A0052,13PR25DC,50,D,,,ESCOTA,,,0,0,0,,,FEMININ,Cmed,jean-louis.mounier@developpement-durable.gouv.fr,2013-11-22 17:04:10,,
PIAM A52/2 Sens: AUBAGNE/A8,pl,PIAM A52/2 Sens: AUBAGNE/A8,,Sans Objet,Sans Objet,"PIAM A52/2 Sens: AUBAGNE/A8 sens2 PR20,2 -Nb voies de stockage: 2 - Capacité: 320 – Intempéries: F",Sans Objet,13,A0052,13PR20GC,200,13,A0052,13PR17GC,0,G,,,ESCOTA,,,0,0,0,,,FEMININ,Cmed,bernard.morelet@developpement-durable.gouv.fr,2013-11-22 16:01:15,,
PIAM A52/3 Sens: AUBAGNE/A8,pl,PIAM A52/3 Sens: AUBAGNE/A8,,Sans Objet,Sans Objet,"PIAM A52/3 Sens: AUBAGNE/A8 sens2 PR12,58 -Nb voies de stockage: 2 - Capacité: 245 – Intempéries: F",Sans Objet,13,A0052,13PR12GC,580,13,A0052,13PR10GC,400,G,,,ESCOTA,,,0,0,0,,,FEMININ,Cmed,bernard.morelet@developpement-durable.gouv.fr,2013-11-22 16:01:54,,
PIAM A54/1 Sens: NIMES/ARLES,pl,PIAM A54/1 Sens: NIMES/ARLES,,Sans Objet,Sans Objet,PIAM A54/1 Sens: NIMES/ARLES sens1PR10 - Nb voies de stockage: 1- Capacité: 625 – Intempéries: F,Sans Objet,30,A0054,30PR10DC,0,13,A0054,13PR22DC,500,D,,,ASF,,,0,0,0,,,FEMININ,Cmed,jean-louis.mounier@developpement-durable.gouv.fr,2013-11-22 17:01:19,,
PIAM A54/2 Sens: ARLES/NIMES,pl,PIAM A54/2 Sens: ARLES/NIMES,,Sans Objet,Sans Objet,"PIAM A54/2 Sens: ARLES/NIMES sens2 PR22,5 – Nb voies de stockage: 1 - Capacité: 625 – Intempéries: F",Sans Objet,13,A0054,13PR22GC,500,30,A0054,30PR10GC,200,G,,,ASF,,,0,0,0,,,FEMININ,Cmed,jean-louis.mounier@developpement-durable.gouv.fr,2013-11-22 16:59:38,,
ZPL_ERMN_239612057,pl,ZPL_ERMN_239612057,,Sans Objet,Sans Objet,"Zone de stockage PL Bollène A7sens2PR158,8 - Nb voies : 0 - Capacité : 590 - Intempérie : F",Sans Objet,84,A0007,84PR147GC,0,84,A0007,84PR158GC,800,G,147,,ASF,,,0,0,0,,,FEMININ,Cmed,Jean-Louis.Mounier@developpement-durable.gouv.fr,2013-02-05 00:00:00,,
PIAM A9 / 8,pl,PIAM A9 / 8,,Sans Objet,Sans Objet,Sens: ESPAGNE / NARBONNE- Nb voies: 2 - capacité en PL 1940 - Intempérie - F,Sans Objet,66,A0009,66PR240DC,0,11,A0009,11PR221DC,0,D,,,ASF,,,0,0,0,,,FEMININ,Cmed,jean-louis.mounier@developpement-durable.gouv.fr,2013-11-22 15:55:57,,
PIAM A54/3 Sens: ST M DE CRAU/SALON,pl,PIAM A54/3 Sens: ST M DE CRAU/SALON,,Sans Objet,Sans Objet,PIAM A54/3 Sens: ST M DE CRAU/SALON sens1 PR50 – Nb voies de stockage: 1- Capacité: 650 – Intempérie: F,Sans Objet,13,A0054,13PR50DC,0,13,A0054,13PR63DC,500,D,,,ASF,,,0,0,0,,,FEMININ,Cmed,bernard.morelet@developpement-durable.gouv.fr,2013-11-22 16:06:02,,
PIAM A54/4 Sens:SALON/ST M DE CRAU,pl,PIAM A54/4 Sens:SALON/ST M DE CRAU,,Sans Objet,Sans Objet,"PIAM A54/4 Sens:SALON/ST M DE CRAU sens2 PR63,5 – Nb voies de stockage: 1 - Capacité: 650- Intempéries: F",Sans Objet,13,A0054,13PR63GC,500,13,A0054,13PR50GC,0,G,,,ASF,,,0,0,0,,,FEMININ,Cmed,jean-louis.mounier@developpement-durable.gouv.fr,2013-11-22 16:58:06,,
PIAM A55/1 Sens: MARSEILLE/MARTIGUES,pl,PIAM A55/1 Sens: MARSEILLE/MARTIGUES,,Sans Objet,Sans Objet,"PIAM A55/1 Sens: MARSEILLE/MARTIGUES sens1PR25,85 – Nb voies de stockage:1 – Capacité: 165 -Intempéries:F",Sans Objet,13,A0055,13PR25D,850,13,A0055,13PR29D,200,D,,,DIRMED,,,0,0,0,,,FEMININ,Cmed,jean-louis.mounier@developpement-durable.gouv.fr,2013-11-22 16:56:40,,
PIAM A55/2 Sens: MARTIGUE/MARSEILLE,pl,PIAM A55/2 Sens: MARTIGUE/MARSEILLE,,Sans Objet,Sans Objet,"PIAM A55/2 Sens: MARTIGUE/MARSEILLE sens2 PR29,5 -Nb voies de stockage:1 – Capacité: 425 -Intempéries: F",Sans Objet,13,A0055,13PR29G,500,13,A0055,13PR21G,0,G,,,DIRMED,,,0,0,0,,,FEMININ,Cmed,jean-louis.mounier@developpement-durable.gouv.fr,2013-11-22 16:55:28,,
PIAM A57/1 Sens: A8/TOULON,pl,PIAM A57/1 Sens: A8/TOULON,,Sans Objet,Sans Objet,PIAM A57/1 Sens: A8/TOULON sens2 PR27-Nb voies de stockage:1 -Capacité: 250 -Intempéries: F,Sans Objet,83,A0057,83PR27GC,0,83,A0057,83PR27GC,500,G,,,ESCOTA,,,0,0,0,,,FEMININ,Cmed,bernard.morelet@developpement-durable.gouv.fr,2013-11-22 16:07:17,,
PIAM A57/2 Sens: TOULON/A8,pl,PIAM A57/2 Sens: TOULON/A8,,Sans Objet,Sans Objet,PIAM A57/2 Sens: TOULON/A8  sens1 PR22 -Nb voies de stockage:1 – Capacité: 250 -Intempéries: F,Sans Objet,83,A0057,83PR22DC,0,83,A0057,83PR22DC,500,D,,,ASF,,,0,0,0,,,FEMININ,Cmed,bernard.morelet@developpement-durable.gouv.fr,2013-11-22 16:08:56,,
PIAM A61/2 Sens TOULOUSE/NARBONNE,pl,PIAM A61/2 Sens TOULOUSE/NARBONNE,,Sans Objet,Sans Objet,PIAM A61/2 Sens TOULOUSE/NARBONNE sens1PR286.60 - Nb vois de stockage : 1 - Capacité : 565 - Intempérie : F,Sans Objet,11,A0061,11PR286DC,600,31,A0061,31PR275DC,289,D,,,ASF,,,0,0,0,,,FEMININ,Cmed,jean-louis.mounier@developpement-durable.gouv.fr,2013-11-22 16:53:53,,
PIAM A61/3 Sens: NARBONNE/TOULOUSE,pl,PIAM A61/3 Sens: NARBONNE/TOULOUSE,,Sans Objet,Sans Objet,PIAM A61/3 Sens: NARBONNE/TOULOUSE sens2 PR369 -Nb voies de stockage:1 – Capacité: 610 -Intempéries: F,Sans Objet,11,A0061,11PR369GC,0,11,A0061,11PR356GC,800,G,,,ASF,,,0,0,0,,,FEMININ,Cmed,bernard.morelet@developpement-durable.gouv.fr,2013-11-22 15:53:20,,
PIAM A61/3 Sens:TOULOUSE/NARBONNE,pl,PIAM A61/3 Sens:TOULOUSE/NARBONNE,,Sans Objet,Sans Objet,"PIAM A61/4 Sens: TOULOUSE/NARBONNE sens2 PR356,8 -Nb voies de stockage:1 – Capacité: 510 -Intempéries: F",Sans Objet,11,A0061,11PR356GC,800,11,A0061,11PR367GC,0,G,,,ASF,,,0,0,0,,,FEMININ,Cmed,bernard.morelet@developpement-durable.gouv.fr,2013-11-22 16:08:28,,
PIAM A8 / 12,pl,PIAM A8 / 12,,Sans Objet,Sans Objet,BRIGNOLES - ST MAXIMIN Sens : Italie - Aix-Nb voies:2- Capacité en PL 455- Intempérie : F,Sans Objet,83,A0008,83PR68GC,0,83,A0008,83PR72GC,0,G,,,ESCOTA,,,0,0,0,,,FEMININ,Cmed,Jean-Louis.Mounier@developpement-durable.gouv.fr,2013-11-20 00:00:00,,
PIAM A7/1  Sens: BOLLENE / ORANGE,pl,PIAM A7/1  Sens: BOLLENE / ORANGE,,Sans Objet,Sans Objet,PIAM A7/1  Sens: BOLLENE / ORANGE sens1PR158 - Nb voies de stockage : 2 - Capacité : 1180 - Intempérie : F,Sans Objet,84,A0007,84PR158DC,0,84,A0007,84PR147DC,0,D,,,ASF,,,0,0,0,,,FEMININ,Cmed,Jean-Louis.Mounier@developpement-durable.gouv.fr,2013-11-20 00:00:00,,
PIAM A7/2  Sens:  ORANGE/BOLLENE,pl,PIAM A7/2  Sens:  ORANGE/BOLLENE,,Sans Objet,Sans Objet,PIAM A7/2  Sens:  ORANGE/BOLLENE sens2PR156 - Nb voies de stockage : 2 - Capacité : 1100- Intempérie : F,Sans Objet,84,A0007,84PR156GC,0,84,A0007,84PR166GC,0,G,,,ASF,,,0,0,0,,,FEMININ,Cmed,Jean-Louis.Mounier@developpement-durable.gouv.fr,2013-11-20 00:00:00,,
PIAM A7/3  Sens: AVIGNON NORD / AVIGNON SUD,pl,PIAM A7/3  Sens: AVIGNON NORD / AVIGNON SUD,,Sans Objet,Sans Objet,PIAM A7/3  Sens: AVIGNON NORD / AVIGNON SUD sens1PR197 - Nb voies de stockage : 2 - Capacité : 700- Intempérie : F,Sans Objet,84,A0007,84PR197DC,0,84,A0007,84PR190DC,0,D,,,ASF,,,0,0,0,,,FEMININ,Cmed,Jean-Louis.Mounier@developpement-durable.gouv.fr,2013-11-20 00:00:00,,
PIAM A8 / 16,pl,PIAM A8 / 16,,Sans Objet,Sans Objet,Trets - Noeud A8/A52 -Sens : Italie - Aix Nb voies :2- Capacité en PL 540- Intempérie : F,Sans Objet,13,A0008,13PR37DC,0,13,A0008,13PR43DC,0,D,,,ESCOTA,,,0,0,0,,,FEMININ,Cmed,jean-louis.mounier@developpement-durable.gouv.fr,2013-11-22 16:15:15,,
PIAM A7/4  Sens: AVIGNON NORD / ORANGE SUD,pl,PIAM A7/4  Sens: AVIGNON NORD / ORANGE SUD,,Sans Objet,Sans Objet,PIAM A7/4  Sens: AVIGNON NORD / ORANGE SUD sens2PR14 - Nb voies de stockage : 2 - Capacité : 1300- Intempérie : F,Sans Objet,84,A0007,84PR174GC,0,84,A0007,84PR187GC,0,G,,,ASF,,,0,0,0,,,FEMININ,Cmed,bernard.morelet@developpement-durable.gouv.fr,2013-11-22 16:10:10,,
PIAM A7/5  Sens: CAVAILLON / SENAS,pl,PIAM A7/5  Sens: CAVAILLON / SENAS,,Sans Objet,Sans Objet,PIAM A7/5  Sens: CAVAILLON / SEN sens1PR220 - Nb voies de stockage : 2 - Capacité : 870- Intempérie : F,Sans Objet,13,A0007,13PR220DC,0,13,A0007,13PR212DC,0,D,,,ASF,,,0,0,0,,,FEMININ,Cmed,Jean-Louis.Mounier@developpement-durable.gouv.fr,2013-11-20 00:00:00,,
PIAM A7/6  Sens: CAVAILLON / AVIGNON SUD,pl,PIAM A7/6  Sens: CAVAILLON / AVIGNON SUD,,Sans Objet,Sans Objet,PIAM A7/6  Sens: CAVAILLON / AVIGNON SUD sens2PR201 - Nb voies de stockage : 2 - Capacité : 1000- Intempérie : F,Sans Objet,13,A0007,13PR201GC,0,13,A0007,13PR211GC,0,G,,,ASF,,,0,0,0,,,FEMININ,Cmed,jean-louis.mounier@developpement-durable.gouv.fr,2013-11-22 16:51:10,,
PIAM A7/7 Sens: Lyon – Marseille,pl,PIAM A7/7 Sens: Lyon – Marseille,,Sans Objet,Sans Objet,PIAM A7/7 Sens: Lyon – Marseille  sens1PR259 - Nb voies de stockage : 1 - Capacité : 160- Intempérie : F,Sans Objet,13,A0007,13PR259D,0,13,A0007,13PR256D,0,D,,,DIRMED,,,0,0,0,,,FEMININ,Cmed,jean-louis.mounier@developpement-durable.gouv.fr,2013-11-22 16:50:00,,
PIAM A75/1 Sens:BEZIER/CLERMONT,pl,PIAM A75/1 Sens:BEZIER/CLERMONT,,Sans Objet,Sans Objet,"PIAM A75/1 Sens:BEZIER/CLERMONT sens2 PR270,75 -Nb voies de stockage:1 – Capacité: 160 -Intempéries: F",Sans Objet,34,A0075,34PR270G,750,34,A0075,34PR267G,100,G,,,ASF,,,0,0,0,,,FEMININ,Cmed,jean-louis.mounier@developpement-durable.gouv.fr,2013-11-22 16:46:14,,
PIAM A75/2 Sens:BEZIER/CLERMONT,pl,PIAM A75/2 Sens:BEZIER/CLERMONT,,Sans Objet,Sans Objet,"PIAM A75/2 Sens:BEZIER/CLERMONT sens2 PR218,65 -Nb voies de stockage:1 – Capacité: 165 -Intempéries: F",Sans Objet,12,A0075,12PR218G,650,12,A0075,12PR215G,628,G,,,ASF,,,0,0,0,,,FEMININ,Cmed,jean-louis.mounier@developpement-durable.gouv.fr,2013-11-22 16:45:03,,
PIAM A75/3 Sens:CLERMONT/BEZIER,pl,PIAM A75/3 Sens:CLERMONT/BEZIER,,Sans Objet,Sans Objet,"PIAM A75/3 Sens:CLERMONT/BEZIER sens1 PR212,1-Nb voies de stockage:2 – Capacité: 190 -Intempéries: F",Sans Objet,12,A0075,12PR212D,100,12,A0075,12PR214D,500,D,,,ASF,,,0,0,0,,,FEMININ,Cmed,jean-louis.mounier@developpement-durable.gouv.fr,2013-11-22 16:43:38,,
PIAM A75/4 Sens CLERMONT FERRAND/BEZIERS,pl,PIAM A75/4 Sens CLERMONT FERRAND/BEZIERS,,Sans Objet,Sans Objet,PIAM A75/4 Sens CLERMONT FERRAND/BEZIERS sens1PR193 - Nb voies de stockage : 2 - Capacité : 200 - Intempérie : F,Sans Objet,12,A0075,12PR193D,0,12,A0075,12PR190D,500,D,,,DIRMC,,,0,0,0,,,FEMININ,Cmed,jean-louis.mounier@developpement-durable.gouv.fr,2013-11-22 16:40:46,,
ZPL_USXV_333046776,pl,ZPL_USXV_333046776,,Sans Objet,Sans Objet,Zone de stockage PL A11_COF44_PR317_1 - Nb voies : 0 - Capacité : 100 - Intempérie : F,Sans Objet,44,A0011,44PR315DC,800,44,A0011,44PR317DC,800,D,0,,COFIROUTE,,,0,0,0,,,FEMININ,Co,Jean-Louis.Mounier@developpement-durable.gouv.fr,2013-02-05 00:00:00,,
PIAM A75/5 Sens BEZIERS/CLERMONT FERRAND,pl,PIAM A75/5 Sens BEZIERS/CLERMONT FERRAND,,Sans Objet,Sans Objet,PIAM A75/5 Sens BEZIERS/CLERMONT FERRAND sens2PR182.80 - Nb voies de stockage : 2 - Capacité : 160 - Intempérie : F,Sans Objet,12,A0075,12PR182G,800,12,A0075,12PR184G,800,G,,,DIRMC,,,0,0,0,,,FEMININ,Cmed,jean-louis.mounier@developpement-durable.gouv.fr,2013-11-22 16:22:21,,
PIAM A75/6 Sens:BEZIER/CLERMONT,pl,PIAM A75/6 Sens:BEZIER/CLERMONT,,Sans Objet,Sans Objet,"PIAM A75/6 Sens:BEZIER/CLERMONT sens2 PR156,75 -Nb voies de stockage:1 – Capacité: 80 -Intempéries: F",Sans Objet,48,A0075,48PR156G,750,48,A0075,48PR155G,50,G,,,ASF,,,0,0,0,,,FEMININ,Cmed,jean-louis.mounier@developpement-durable.gouv.fr,2013-11-22 16:20:45,,
PIAM A75/7 Sens CLERMONT FERRAND/BEZIERS,pl,PIAM A75/7 Sens CLERMONT FERRAND/BEZIERS,,Sans Objet,Sans Objet,PIAM A75/7 Sens CLERMONT FERRAND/BEZIERS sens1PR170 - Nb voies de stockage : 1 - Capacité : 60 - Intempérie : F,Sans Objet,48,A0075,48PR170D,0,48,A0075,48PR168D,700,D,,,DIRMC,,,0,0,0,,,FEMININ,Cmed,jean-louis.mounier@developpement-durable.gouv.fr,2013-11-22 16:18:01,,
PIAM A75/8 Sens CLERMONT FERRANS/BEZIERS,pl,PIAM A75/8 Sens CLERMONT FERRANS/BEZIERS,,Sans Objet,Sans Objet,PIAM A75/8 Sens CLERMONT FERRANS/BEZIERS sens1PR330.50 - Nb voies de stockage : 1 - Capacité : 320 - Intempérie : F,Sans Objet,34,A0075,34PR330D,478,34,A0075,34PR324D,0,D,,,DIRMC,,,0,0,0,,,FEMININ,Cmed,jean-louis.mounier@developpement-durable.gouv.fr,2013-11-22 16:17:33,,
PIAM A8 / 10bis,pl,PIAM A8 / 10bis,,Sans Objet,Sans Objet,LES ADRETS - FREJUS EST Sens : Italie - Aix-Nb voies de stockage:2 -  Capacité en PL 475-Intempérie : F,Sans Objet,83,A0008,83PR134GC,0,83,A0008,83PR138GC,0,G,,,ESCOTA,,,0,0,0,,,FEMININ,Cmed,Jean-Louis.Mounier@developpement-durable.gouv.fr,2013-11-20 00:00:00,,
PIAM A8 / 11,pl,PIAM A8 / 11,,Sans Objet,Sans Objet,PUGET / ARGENS - LE MUY Sens : Italie - Aix- Nb voies :2- Capacité en PL 780-Intempérie : F,Sans Objet,83,A0008,83PR118GC,0,83,A0008,83PR126GC,0,G,,,ESCOTA,,,0,0,0,,,FEMININ,Cmed,Jean-Louis.Mounier@developpement-durable.gouv.fr,2013-11-20 00:00:00,,
PIAM A8 / 12 bis,pl,PIAM A8 / 12 bis,,Sans Objet,Sans Objet,BRIGNOLES - ST MAXIMIN Sens : Italie - Aix- Nb voies :2- Capacité en PL 725- Intempérie : F,Sans Objet,83,A0008,83PR59GC,0,83,A0008,83PR66GC,0,G,,,ESCOTA,,,0,0,0,,,FEMININ,Cmed,Jean-Louis.Mounier@developpement-durable.gouv.fr,2013-11-20 00:00:00,,
PIAM A8 / 13,pl,PIAM A8 / 13,,Sans Objet,Sans Objet,GARDANNE - AIX VAL ST ANDRÉ Sens : Italie - Aix Nb voies:2- Capacité en PL 170- Intempérie : F,Sans Objet,13,A0008,13PR26GC,0,13,A0008,13PR28GC,0,G,,,ESCOTA,,,0,0,0,,,FEMININ,Cmed,Jean-Louis.Mounier@developpement-durable.gouv.fr,2013-11-20 00:00:00,,
PIAM A8 / 13 bis,pl,PIAM A8 / 13 bis,,Sans Objet,Sans Objet,GARDANNE - AIX VAL ST ANDRÉ Sens : Italie - Aix- Nb voies :2- Capacité en PL 430- Intempérie : F,Sans Objet,13,A0008,13PR22GC,0,13,A0008,13PR26GC,0,G,,,ESCOTA,,,0,0,0,,,FEMININ,Cmed,Jean-Louis.Mounier@developpement-durable.gouv.fr,2013-11-20 00:00:00,,
PIAM A8 / 14,pl,PIAM A8 / 14,,Sans Objet,Sans Objet,Antibes - Mougins Sens : Italie - Aix-Nb voies :1- Capacité en PL 200- Intempérie : F,Sans Objet,6,A0008,06PR168GC,0,6,A0008,06PR172GC,0,G,,,ESCOTA,,,0,0,0,,,FEMININ,Cmed,Jean-Louis.Mounier@developpement-durable.gouv.fr,2013-11-20 00:00:00,,
PIAM A8 / 15,pl,PIAM A8 / 15,,Sans Objet,Sans Objet,Noeud A8/A52 - Trets- Sens : Aix - Italie Nb voies :2- Capacité en PL 540- Intempérie : F,Sans Objet,13,A0008,13PR38DC,0,13,A0008,13PR32DC,0,D,,,ESCOTA,,,0,0,0,,,FEMININ,Cmed,jean-louis.mounier@developpement-durable.gouv.fr,2013-11-22 16:15:55,,
PIAM A9 / 6,pl,PIAM A9 / 6,,Sans Objet,Sans Objet,Sens: NARBONNE / ORANGE- Nb voies: 2 - capacité en PL 2440 - Intempérie - F,Sans Objet,34,A0009,34PR123DC,0,34,A0009,34PR148DC,0,D,,,ASF,,,0,0,0,,,FEMININ,Cmed,Jean-Louis.Mounier@developpement-durable.gouv.fr,2013-11-20 00:00:00,,
PIAM A8/0 Sens Italie/AIX,pl,PIAM A8/0 Sens Italie/AIX,,Sans Objet,Sans Objet,PIAM A8/0 Sens: Italie/AIX sens2PR8.40 - Nb voies de stockage : 2 - Capacité : 600 - Intempérie : F,Sans Objet,13,A0008,13PR8GC,400,13,A0008,13PR14GC,400,G,,,ESCOTA,,,0,0,0,,,FEMININ,Cmed,jean-louis.mounier@developpement-durable.gouv.fr,2013-11-22 16:12:17,,
PIAM A8/1 Sens AIX/Italie,pl,PIAM A8/1 Sens AIX/Italie,,Sans Objet,Sans Objet,PIAM A8/1 Sens AIX/Italie sens1PR28.50 - Nb voies de stockage : 2 - Capacité : 530 - Intempérie : F,Sans Objet,13,A0008,13PR28DC,500,13,A0008,13PR22DC,850,D,,,ESCOTA,,,0,0,0,,,FEMININ,Cmed,jean-louis.mounier@developpement-durable.gouv.fr,2013-11-22 16:11:45,,
PIAM A8/10 Sens:FREJUS EST - PUGET SUR ARGENS,pl,PIAM A8/10 Sens:FREJUS EST - PUGET SUR ARGENS,,Sans Objet,Sans Objet,PIAM A8/10 Sens:FREJUS EST - PUGET SUR ARGENS sens2PR129 - Nb voies de stockage : 2 - Capacité : 280- Intempérie : F,Sans Objet,83,A0008,83PR129GC,0,83,A0008,83PR132GC,0,G,,,ESCOTA,,,0,0,0,,,FEMININ,Cmed,jean-louis.mounier@developpement-durable.gouv.fr,2013-11-22 16:11:04,,
PIAM A8/2 Sens AIX/Italie,pl,PIAM A8/2 Sens AIX/Italie,,Sans Objet,Sans Objet,PIAM A8/2 Sens AIX/Italie sens1PR73.50 - Nb voies de stockage : 2 - Capacité : 475 - Intempérie : F,Sans Objet,83,A0008,83PR73DC,500,83,A0008,83PR68DC,750,D,,,ESCOTA,,,0,0,0,,,FEMININ,Cmed,jean-louis.mounier@developpement-durable.gouv.fr,2013-11-22 16:10:44,,
PIAM A8/2BIS Sens AIX/Italie,pl,PIAM A8/2BIS Sens AIX/Italie,,Sans Objet,Sans Objet,PIAM A8/2BIS Sens AIX/Italie sens1PR66.50 - Nb voies de stockage : 2 - Capacité : 725 - Intempérie : F,Sans Objet,83,A0008,83PR66DC,500,83,A0008,83PR59DC,250,D,,,ESCOTA,,,0,0,0,,,FEMININ,Cmed,jean-louis.mounier@developpement-durable.gouv.fr,2013-11-22 16:10:15,,
PIAM A8/3 Sens AIX/Italie,pl,PIAM A8/3 Sens AIX/Italie,,Sans Objet,Sans Objet,PIAM A8/3 Sens AIX/Italie sens1PR128 - Nb voies de stockage : 2 - Cpacité : 790 - Intempérie : F,Sans Objet,83,A0008,83PR128DC,0,83,A0008,83PR120DC,100,D,,,ESCOTA,,,0,0,0,,,FEMININ,Cmed,jean-louis.mounier@developpement-durable.gouv.fr,2013-11-22 16:09:40,,
PIAM A8/4 Sens:FRÉJUS EST - LES ADRETS,pl,PIAM A8/4 Sens:FRÉJUS EST - LES ADRETS,,Sans Objet,Sans Objet,PIAM A8/4 Sens:FRÉJUS EST - LES ADRETS sens1PR139 - Nb voies de stockage : 2 - Capacité : 430- Intempérie : F,Sans Objet,83,A0008,83PR139DC,0,83,A0008,83PR134DC,0,D,,,ESCOTA,,,0,0,0,,,FEMININ,Cmed,jean-louis.mounier@developpement-durable.gouv.fr,2013-11-22 16:08:37,,
PIAM A8/5 Sens:NICE ST AUGUSTIN - NICE ST ISIDORE,pl,PIAM A8/5 Sens:NICE ST AUGUSTIN - NICE ST ISIDORE,,Sans Objet,Sans Objet,PIAM A8/5 Sens:NICE ST AUGUSTIN - NICE ST ISIDORE  sens1PR205 - Nb voies de stockage : 1 - Capacité : 200- Intempérie : F,Sans Objet,6,A0008,06PR205GC,0,6,A0008,06PR201GC,0,G,,,ESCOTA,,,0,0,0,,,FEMININ,Cmed,jean-louis.mounier@developpement-durable.gouv.fr,2013-11-22 16:07:54,,
PIAM A8/6 Sens:NICE L'ARIANE - NOEUD A8/A500,pl,PIAM A8/6 Sens:NICE L'ARIANE - NOEUD A8/A500,,Sans Objet,Sans Objet,PIAM A8/6 Sens:NICE L'ARIANE - NOEUD A8/A500 sens1PR207 - Nb voies de stockage : 2 - Capacité : 200- Intempérie : F,Sans Objet,6,A0008,06PR207GC,0,6,A0008,06PR205GC,0,G,,,ESCOTA,,,0,0,0,,,FEMININ,Cmed,jean-louis.mounier@developpement-durable.gouv.fr,2013-11-22 16:07:28,,
ZPL_USXV_109778028,pl,ZPL_USXV_109778028,,Sans Objet,Sans Objet,Zone de stockage PL A10_COF37_PR200_1 - Nb voies : 0 - Capacité : 200 - Intempérie : F,Sans Objet,37,A0010,37PR200DC,0,37,A0010,37PR200DC,100,D,0,,COFIROUTE,,,0,0,0,,,FEMININ,Co,Jean-Louis.Mounier@developpement-durable.gouv.fr,2013-02-05 00:00:00,,
PIAM A8/6bis Sens:NICE L'ARIANE - NOEUD A8 / A500,pl,PIAM A8/6bis Sens:NICE L'ARIANE - NOEUD A8 / A500,,Sans Objet,Sans Objet,PIAM A8/6bis Sens:NICE L'ARIANE - NOEUD A8 / A500 sens1PR205 - Nb voies de stockage : 1 - Capacité : 200- Intempérie : F,Sans Objet,6,A0008,06PR205GC,0,6,A0008,06PR201GC,0,G,,,ESCOTA,,,0,0,0,,,FEMININ,Cmed,jean-louis.mounier@developpement-durable.gouv.fr,2013-11-22 16:06:52,,
PIAM A8/6ter Sens:La Turbie - Roquebrune Cap Martin,pl,PIAM A8/6ter Sens:La Turbie - Roquebrune Cap Martin,,Sans Objet,Sans Objet,PIAM A8/6ter Sens:La Turbie - Roquebrune Cap Martin sens1PR210 - Nb voies de stockage : 1 - Capacité : 100- Intempérie : F,Sans Objet,6,A0008,06PR210DC,0,6,A0008,06PR208DC,0,D,,,ESCOTA,,,0,0,0,,,FEMININ,Cmed,jean-louis.mounier@developpement-durable.gouv.fr,2013-11-22 16:04:24,,
PIAM A8/8 Sens:ROQUEBRUNE C. M. - LA TURBIE,pl,PIAM A8/8 Sens:ROQUEBRUNE C. M. - LA TURBIE,,Sans Objet,Sans Objet,PIAM A8/8 Sens:ROQUEBRUNE C. M. - LA TURBIE sens2PR212 - Nb voies de stockage : 1 - Capacité : 65- Intempérie : F,Sans Objet,6,A0008,06PR212GC,0,6,A0008,06PR213GC,0,G,,,ESCOTA,,,0,0,0,,,FEMININ,Cmed,jean-louis.mounier@developpement-durable.gouv.fr,2013-11-22 16:04:04,,
ZPL_USXV_187220268,pl,ZPL_USXV_187220268,,Sans Objet,Sans Objet,Zone de stockage PL A87_ASF49_PR5_2 - Localisation : BAU - Nb voies : 1 - Capacité : 250 - Intempérie : F - Commentaire : tri au péage,Sans Objet,49,A0087,49PR5GC,0,49,A0087,49PR10GC,0,G,0,,ASF,,,0,0,0,,,FEMININ,Co,Jean-Louis.Mounier@developpement-durable.gouv.fr,2013-02-05 00:00:00,,
PIAM A8/9 Sens:NICE ST ISIDORE - NICE ST AUGUSTIN,pl,PIAM A8/9 Sens:NICE ST ISIDORE - NICE ST AUGUSTIN,,Sans Objet,Sans Objet,PIAM A8/9 Sens:NICE ST ISIDORE - NICE ST AUGUSTIN sens2PR186 - Nb voies de stockage : 2 - Capacité : 190- Intempérie : F,Sans Objet,6,A0008,06PR186GC,0,6,A0008,06PR189GC,0,G,,,ESCOTA,,,0,0,0,,,FEMININ,Cmed,bernard.morelet@developpement-durable.gouv.fr,2013-11-22 15:03:05,,
PIAM A9 / 3,pl,PIAM A9 / 3,,Sans Objet,Sans Objet,Sens: ORANGE / NARBONNE- Nb voies: 2 - capacité en PL 2600 - Intempérie - F,Sans Objet,11,A0009,11PR185GC,0,34,A0009,34PR166GC,0,G,,,ASF,,,0,0,0,,,FEMININ,Cmed,jean-louis.mounier@developpement-durable.gouv.fr,2013-11-22 16:01:40,,
PIAM A9 / 4,pl,PIAM A9 / 4,,Sans Objet,Sans Objet,Sens: NARBONNE / ORANGE- Nb voies: 2 - capacité en PL 1490 - Intempérie - F,Sans Objet,34,A0009,34PR108DC,0,34,A0009,34PR122DC,0,D,,,ASF,,,0,0,0,,,FEMININ,Cmed,Jean-Louis.Mounier@developpement-durable.gouv.fr,2013-11-20 00:00:00,,
PIAM A9 / 5,pl,PIAM A9 / 5,,Sans Objet,Sans Objet,Sens: NARBONNE / ESPAGNE- Nb voies: 2 - capacité en PL 700 - Intempérie - F,Sans Objet,11,A0009,11PR217GC,0,11,A0009,11PR210GC,0,G,,,ASF,,,0,0,0,,,FEMININ,Cmed,Jean-Louis.Mounier@developpement-durable.gouv.fr,2013-11-20 00:00:00,,
PIAM A9 / 7,pl,PIAM A9 / 7,,Sans Objet,Sans Objet,Sens: NARBONNE / ESPAGNE- Nb voies: 2 - capacité en PL 1950 - Intempérie - F,Sans Objet,66,A0009,66PR239GC,0,11,A0009,11PR220GC,0,G,,,ASF,,,0,0,0,,,FEMININ,Cmed,jean-louis.mounier@developpement-durable.gouv.fr,2013-11-22 16:00:13,,
PIAM A9 / 9,pl,PIAM A9 / 9,,Sans Objet,Sans Objet,Sens: .NARBONNE / ESPAGNE- Nb voies: 1 - capacité en PL 615 - Intempérie - F,Sans Objet,66,A0009,66PR267GC,0,66,A0009,66PR255GC,0,G,,,ASF,,,0,0,0,,,FEMININ,Cmed,Jean-Louis.Mounier@developpement-durable.gouv.fr,2013-11-20 00:00:00,,
PIAM A9/1,pl,PIAM A9/1,,Sans Objet,Sans Objet,REMOULINS-NIMES: Nb voies:  2 - Capacité en PL 1400 - Intempérie:F,Sans Objet,30,A0009,30PR44GC,0,30,A0009,30PR30GC,0,G,,,ASF,,,0,0,0,,,FEMININ,Cmed,Jean-Louis.Mounier@developpement-durable.gouv.fr,2013-11-20 00:00:00,,
PIAM A9/2,pl,PIAM A9/2,,Sans Objet,Sans Objet,NIMES - REMOULINS Nb voies: 2 - capacité en PL 1300 - Intempérie - F,Sans Objet,30,A0009,30PR30DC,0,30,A0009,30PR43DC,0,D,,,ASF,,,0,0,0,,,FEMININ,Cmed,Jean-Louis.Mounier@developpement-durable.gouv.fr,2013-11-20 00:00:00,,
PIAM RN568/1 Sens MARTIGUES/ARLES,pl,PIAM RN568/1 Sens MARTIGUES/ARLES,,Sans Objet,Sans Objet,PIAM RN568/1 Sens MARTIGUES/ARLES sens2PR8 - Nb voies de stockage : 1 - Capacité : 590 - Intempérie : F,Sans Objet,13,N0568,13PR8G,0,13,N0568,13PR19G,800,G,,,DIRMED,VRAI,,0,0,0,,,FEMININ,Cmed,jean-louis.mounier@developpement-durable.gouv.fr,2013-11-22 15:53:50,,
PIAM RN568/2 Sens ARLES/MARTIGUES,pl,PIAM RN568/2 Sens ARLES/MARTIGUES,,Sans Objet,Sans Objet,PIAM RN568/2 Sens ARLES/MARTIGUES sens1PR28 - Nb voies de stockage : 2 - Capacité : 510 - Intempérie : F,Sans Objet,13,N0568,13PR28D,0,13,N0568,13PR22D,50,D,,,DIRMED,VRAI,,0,0,0,,,FEMININ,Cmed,jean-louis.mounier@developpement-durable.gouv.fr,2013-11-22 15:52:30,,
PIAMA50/2 Sens MARSEILLE/TOULON,pl,PIAMA50/2 Sens MARSEILLE/TOULON,,Sans Objet,Sans Objet,PIAMA50/2 Sens MARSEILLE/TOULON sens1PR50.30 - Nb voies de stockage : 1 - Capacité : 235 - Intempérie : F,Sans Objet,83,A0050,83PR50DC,300,83,A0050,83PR45DC,600,D,,,ESCOTA,,,0,0,0,,,FEMININ,Cmed,jean-louis.mounier@developpement-durable.gouv.fr,2013-11-22 15:49:33,,
ZPL_ERMN_216620267,pl,ZPL_ERMN_216620267,,Sans Objet,Sans Objet,Zone de stockage PL Mornas A7sens1PR162 - Nb voies : 0 - Capacité : 1200 - Intempérie : F,Sans Objet,84,A0007,84PR162DC,0,84,A0007,84PR186DC,0,D,162,,ASF,,,0,0,0,,,FEMININ,Cmed,Jean-Louis.Mounier@developpement-durable.gouv.fr,2013-02-05 00:00:00,,
ZPL_ERMN_788778022,pl,ZPL_ERMN_788778022,,Sans Objet,Sans Objet,Zone de stockage PL Bollène A7sens1PR147 - Nb voies : 0 - Capacité : 590 - Intempérie : F,Sans Objet,84,A0007,84PR147DC,0,84,A0007,84PR158DC,800,D,0,,ASF,,,0,0,0,,,FEMININ,Cmed,Jean-Louis.Mounier@developpement-durable.gouv.fr,2013-02-05 00:00:00,,
*ZPL_USXV_104612058,pl,*ZPL_USXV_104612058,,Sans Objet,Sans Objet,Zone de stockage PL A28_COF72_PR47_2 - Nb voies : 0 - Capacité : 3400 - Intempérie : F,Sans Objet,37,A0028,37PR47DC,0,72,A0028,37PR48DC,0,D,0,,COFIROUTE,,,0,0,0,,,FEMININ,Co,Jean-Louis.Mounier@developpement-durable.gouv.fr,2013-02-05 00:00:00,,
*ZPL_USXV_18620269,pl,*ZPL_USXV_18620269,,Sans Objet,Sans Objet,Zone de stockage PL A19_COF45_PR79_1 - Nb voies : 0 - Capacité : 115 - Intempérie : F,Sans Objet,45,A0019,45PR76DC,0,45,A0019,45PR79DC,700,D,0,,COFIROUTE,,,0,0,0,,,FEMININ,Co,Jean-Louis.Mounier@developpement-durable.gouv.fr,2013-02-05 00:00:00,,
*ZPL_USXV_678246773,pl,*ZPL_USXV_678246773,,Sans Objet,Sans Objet,Zone de stockage PL A19_COF45_PR79_2 - Nb voies : 0 - Capacité : 185 - Intempérie : F,Sans Objet,45,A0019,45PR79GC,700,45,A0019,45PR82GC,0,G,0,,COFIROUTE,,,0,0,0,,,FEMININ,Co,Jean-Louis.Mounier@developpement-durable.gouv.fr,2013-02-05 00:00:00,,
ZPL_ERMN_662412053,pl,ZPL_ERMN_662412053,,Sans Objet,Sans Objet,Zone de stockage PL Péage St Martin A40sens1PR140 - Nb voies : 0 - Capacité : 15 - Intempérie : F,Sans Objet,74,A0041,74PR140DC,0,74,A0041,74PR140DC,300,D,140,,AREA,,,0,0,0,,,FEMININ,Craa,Jean-Louis.Mounier@developpement-durable.gouv.fr,2013-02-05 00:00:00,,
ZPL_USXV_132846778,pl,ZPL_USXV_132846778,,Sans Objet,Sans Objet,Zone de stockage PL A10_COF28_PR57_2 - Localisation : VG VM VD - Nb voies : 3 - Capacité : 750 - Intempérie : F - Commentaire : Basculement,Sans Objet,28,A0010,28PR52GC,0,28,A0010,28PR57GC,0,G,0,,COFIROUTE,,,0,0,0,,,FEMININ,Co,Jean-Louis.Mounier@developpement-durable.gouv.fr,2013-02-05 00:00:00,,
ZPL_USXV_14446779,pl,ZPL_USXV_14446779,,Sans Objet,Sans Objet,Zone de stockage PL A29_SAPN76_PR60_2 - Localisation : VG - Nb voies : 1 - Capacité : 500 - Intempérie : F - Commentaire : Neutralisation,Sans Objet,76,A0029,76PR60GC,0,76,A0029,76PR70GC,0,G,0,,SAPN,,,0,0,0,,,FEMININ,Co,Jean-Louis.Mounier@developpement-durable.gouv.fr,2013-02-05 00:00:00,,
ZPL_USXV_171420268,pl,ZPL_USXV_171420268,,Sans Objet,Sans Objet,Zone de stockage PL A71_APRR18_PR253_2 - Localisation : VG - Nb voies : 1 - Capacité : 200 - Intempérie : F - Commentaire : Neutralisation,Sans Objet,18,A0071,18PR253GC,0,18,A0071,18PR257GC,300,G,0,,APRR,,,0,0,0,,,FEMININ,Co,Jean-Louis.Mounier@developpement-durable.gouv.fr,2013-02-05 00:00:00,,
ZPL_USXV_249489017,pl,ZPL_USXV_249489017,,Sans Objet,Sans Objet,Zone de stockage PL A11_COF72_PR143_2 - Localisation : VG VM VD - Nb voies : 3 - Capacité : 450 - Intempérie : F - Commentaire : Basculement,Sans Objet,72,A0011,72PR143GC,500,72,A0011,72PR146GC,500,G,0,,COFIROUTE,,,0,0,0,,,FEMININ,Co,Jean-Louis.Mounier@developpement-durable.gouv.fr,2013-02-05 00:00:00,,
ZPL_USXV_251289017,pl,ZPL_USXV_251289017,,Sans Objet,Sans Objet,Zone de stockage PL A71_COF18_PR195_2 - Nb voies : 0 - Capacité : 400 - Intempérie : F,Sans Objet,18,A0071,18PR195GC,0,18,A0071,18PR203GC,0,G,0,,COFIROUTE,,,0,0,0,,,FEMININ,Co,Jean-Louis.Mounier@developpement-durable.gouv.fr,2013-02-05 00:00:00,,
ZPL_USXV_266568107,pl,ZPL_USXV_266568107,,Sans Objet,Sans Objet,Zone de stockage PL A13_SAPN14_PR203_2 - Localisation : VG - Nb voies : 1 - Capacité : 500 - Intempérie : F - Commentaire : Neutralisation,Sans Objet,14,A0013,14PR203GC,800,14,A0013,14PR213GC,800,G,0,,SAPN,,,0,0,0,,,FEMININ,Co,Jean-Louis.Mounier@developpement-durable.gouv.fr,2013-02-05 00:00:00,,
ZPL_USXV_274978027,pl,ZPL_USXV_274978027,,Sans Objet,Sans Objet,Zone de stockage PL A29_SANEF76_PR137_2 - Localisation : VG - Nb voies : 1 - Capacité : 300 - Intempérie : F - Commentaire : Neutralisation (tri au péage),Sans Objet,76,A0029,76PR137GC,0,76,A0029,76PR143GC,460,G,0,,SANEF,,,0,0,0,,,FEMININ,Co,Jean-Louis.Mounier@developpement-durable.gouv.fr,2013-02-05 00:00:00,,
ZPL_USXV_280843307,pl,ZPL_USXV_280843307,,Sans Objet,Sans Objet,Zone de stockage PL A71_COF41_PR151_2 - Localisation : VD VG - Nb voies : 2 - Capacité : 600 - Intempérie : F - Commentaire : Basculement,Sans Objet,41,A0071,41PR151GC,0,41,A0071,41PR157GC,0,G,0,,COFIROUTE,,,0,0,0,,,FEMININ,Co,Jean-Louis.Mounier@developpement-durable.gouv.fr,2013-02-05 00:00:00,,
ZPL_USXV_293243307,pl,ZPL_USXV_293243307,,Sans Objet,Sans Objet,Zone de stockage PL A10_COF28_PR57_1 - Localisation : VG VM VD - Nb voies : 3 - Capacité : 750 - Intempérie : F - Commentaire : Basculement,Sans Objet,28,A0010,28PR52DC,0,28,A0010,28PR57DC,0,D,0,,COFIROUTE,,,0,0,0,,,FEMININ,Co,Jean-Louis.Mounier@developpement-durable.gouv.fr,2013-02-05 00:00:00,,
ZPL_USXV_32246779,pl,ZPL_USXV_32246779,,Sans Objet,Sans Objet,Zone de stockage PL A28_ROUTALIS27_PR248_1 - Localisation : VG - Nb voies : 1 - Capacité : 815 - Intempérie : F - Commentaire : Neutralisation,Sans Objet,27,A0028,27PR232DC,200,27,A0028,27PR248DC,500,D,0,,ALIS,,,0,0,0,,,FEMININ,Co,Jean-Louis.Mounier@developpement-durable.gouv.fr,2013-02-05 00:00:00,,
ZPL_USXV_325020266,pl,ZPL_USXV_325020266,,Sans Objet,Sans Objet,Zone de stockage PL A88_ROUTALIS61_PR0_2 - Nb voies : 0 - Capacité : 366 - Intempérie : F,Sans Objet,61,A0088,61PR0GC,0,61,A0088,61PR9GC,150,G,0,,ALICORNE,,,0,0,0,,,FEMININ,Co,Jean-Louis.Mounier@developpement-durable.gouv.fr,2013-02-05 00:00:00,,
ZPL_USXV_353778026,pl,ZPL_USXV_353778026,,Sans Objet,Sans Objet,Zone de stockage PL A11_COF72_PR146_1 - Localisation : VG VM VD - Nb voies : 3 - Capacité : 450 - Intempérie : F - Commentaire : Basculement,Sans Objet,72,A0011,72PR143DC,500,72,A0011,72PR146DC,500,D,0,,COFIROUTE,,,0,0,0,,,FEMININ,Co,Jean-Louis.Mounier@developpement-durable.gouv.fr,2013-02-05 00:00:00,,
ZPL_USXV_377620266,pl,ZPL_USXV_377620266,,Sans Objet,Sans Objet,Zone de stockage PL A10_COF37_PR207_1 - Nb voies : 0 - Capacité : 600 - Intempérie : F,Sans Objet,37,A0010,37PR207DC,0,37,A0010,37PR207DC,100,D,0,,COFIROUTE,,,0,0,0,,,FEMININ,Co,Jean-Louis.Mounier@developpement-durable.gouv.fr,2013-02-05 00:00:00,,
ZPL_USXV_378412056,pl,ZPL_USXV_378412056,,Sans Objet,Sans Objet,Zone de stockage PL A71_APRR18_PR209_2 - Localisation : Aire - Nb voies : 0 - Capacité : 235 - Intempérie : F - Commentaire : Stockage sur aire,Sans Objet,18,A0071,18PR209GC,758,18,A0071,18PR209GC,798,G,0,,COFIROUTE,,,0,0,0,,,FEMININ,Co,Jean-Louis.Mounier@developpement-durable.gouv.fr,2013-02-05 00:00:00,,
ZPL_USXV_381620266,pl,ZPL_USXV_381620266,,Sans Objet,Sans Objet,Zone de stockage PL A81_COF72_PR206_2 - Localisation : VG VD - Nb voies : 2 - Capacité : 600 - Intempérie : F - Commentaire : Basculement,Sans Objet,72,A0081,72PR206GC,0,72,A0081,53PR212GC,0,G,0,,COFIROUTE,,,0,0,0,,,FEMININ,Co,Jean-Louis.Mounier@developpement-durable.gouv.fr,2013-02-05 00:00:00,,
ZPL_USXV_385676376,pl,ZPL_USXV_385676376,,Sans Objet,Sans Objet,Zone de stockage PL A13_SAPN27_PR63_2 - Localisation : VG VM - Nb voies : 2 - Capacité : 2700 - Intempérie : F - Commentaire : Neutralisation,Sans Objet,27,A0013,27PR68GC,0,27,A0013,27PR90GC,0,G,0,,SAPN,,,0,0,0,,,FEMININ,Co,Jean-Louis.Mounier@developpement-durable.gouv.fr,2013-02-05 00:00:00,,
ZPL_USXV_388889016,pl,ZPL_USXV_388889016,,Sans Objet,Sans Objet,Zone de stockage PL A28_COF72_PR161_1 - Nb voies : 0 - Capacité : 350 - Intempérie : F,Sans Objet,72,A0028,72PR153DC,0,72,A0028,72PR157DC,0,D,0,,COFIROUTE,,,0,0,0,,,FEMININ,Co,Jean-Louis.Mounier@developpement-durable.gouv.fr,2013-02-05 00:00:00,,
ZPL_USXV_409812055,pl,ZPL_USXV_409812055,,Sans Objet,Sans Objet,Zone de stockage PL A29_SAPN76_PR32_2 - Localisation : VG - Nb voies : 1 - Capacité : 500 - Intempérie : F - Commentaire : Neutralisation,Sans Objet,76,A0029,76PR32GC,0,76,A0029,76PR42GC,0,G,0,,SAPN,,,0,0,0,,,FEMININ,Co,Jean-Louis.Mounier@developpement-durable.gouv.fr,2013-02-05 00:00:00,,
ZPL_USXV_420012055,pl,ZPL_USXV_420012055,,Sans Objet,Sans Objet,Zone de stockage PL A28_ROUTALIS61_PR210_2 - Localisation : VG - Nb voies : 1 - Capacité : 375 - Intempérie : F - Commentaire : Neutralisation,Sans Objet,61,A0028,61PR210GC,500,61,A0028,61PR217GC,180,G,0,,ALIS,,,0,0,0,,,FEMININ,Co,Jean-Louis.Mounier@developpement-durable.gouv.fr,2013-02-05 00:00:00,,
ZPL_USXV_420443305,pl,ZPL_USXV_420443305,,Sans Objet,Sans Objet,Zone de stockage PL A28_ROUTALIS61_PR160_2 - Localisation : VG - Nb voies : 1 - Capacité : 1075 - Intempérie : F - Commentaire : Neutralisation,Sans Objet,61,A0028,61PR160GC,478,61,A0028,61PR182GC,0,G,0,,COFIROUTE,,,0,0,0,,,FEMININ,Co,Jean-Louis.Mounier@developpement-durable.gouv.fr,2013-02-05 00:00:00,,
ZPL_USXV_438080265,pl,ZPL_USXV_438080265,,Sans Objet,Sans Objet,Zone de stockage PL A83_ASF85_PR45_1 - Localisation : Aire - Nb voies : 0 - Capacité : 300 - Intempérie : F - Commentaire : Stockage sur Aire,Sans Objet,85,A0083,85PR45DC,500,85,A0083,85PR45DC,550,D,0,,ASF,,,0,0,0,,,FEMININ,Co,Jean-Louis.Mounier@developpement-durable.gouv.fr,2013-02-05 00:00:00,,
ZPL_USXV_442748055,pl,ZPL_USXV_442748055,,Sans Objet,Sans Objet,Zone de stockage PL A71_APRR18_PR209_1 - Localisation : Aire - Nb voies : 0 - Capacité : 235 - Intempérie : F - Commentaire : Stockage sur aire,Sans Objet,18,A0071,18PR209DC,758,18,A0071,18PR209DC,798,D,0,,COFIROUTE,,,0,0,0,,,FEMININ,Co,Jean-Louis.Mounier@developpement-durable.gouv.fr,2013-02-05 00:00:00,,
ZPL_USXV_485489015,pl,ZPL_USXV_485489015,,Sans Objet,Sans Objet,Zone de stockage PL A10_COF37_PR178_1 - Nb voies : 0 - Capacité : 150 - Intempérie : F,Sans Objet,37,A0010,37PR178DC,500,37,A0010,37PR178DC,550,D,0,,COFIROUTE,,,0,0,0,,,FEMININ,Co,Jean-Louis.Mounier@developpement-durable.gouv.fr,2013-02-05 00:00:00,,
ZPL_USXV_488621975,pl,ZPL_USXV_488621975,,Sans Objet,Sans Objet,Zone de stockage PL A13_SAPN14_PR203_1 - Localisation : VG - Nb voies : 1 - Capacité : 450 - Intempérie : F - Commentaire : Neutralisation,Sans Objet,14,A0013,14PR194DC,0,14,A0013,14PR203DC,0,D,0,,SAPN,,,0,0,0,,,FEMININ,Co,Jean-Louis.Mounier@developpement-durable.gouv.fr,2013-02-05 00:00:00,,
ZPL_USXV_591629014,pl,ZPL_USXV_591629014,,Sans Objet,Sans Objet,Zone de stockage PL A28_COF72_PR161_1 - Nb voies : 0 - Capacité : 350 - Intempérie : F,Sans Objet,72,A0028,72PR158DC,0,61,A0028,61PR161DC,0,D,0,,COFIROUTE,,,0,0,0,,,FEMININ,Co,Jean-Louis.Mounier@developpement-durable.gouv.fr,2013-02-05 00:00:00,,
ZPL_USXV_66643309,pl,ZPL_USXV_66643309,,Sans Objet,Sans Objet,Zone de stockage PL A11_ASF49_PR252_1 - Localisation : BAU - Nb voies : 1 - Capacité : 350 - Intempérie : F - Commentaire : tri au péage,Sans Objet,49,A0011,49PR245DC,0,49,A0011,49PR252DC,0,D,0,,ASF,,,0,0,0,,,FEMININ,Co,Jean-Louis.Mounier@developpement-durable.gouv.fr,2013-02-05 00:00:00,,
ZPL_USXV_66689019,pl,ZPL_USXV_66689019,,Sans Objet,Sans Objet,Zone de stockage PL A29_SAPN76_PR106_1 - Localisation : VG - Nb voies : 1 - Capacité : 500 - Intempérie : F - Commentaire : Neutralisation,Sans Objet,76,A0029,76PR96DC,0,76,A0029,76PR106DC,0,D,0,,SAPN,,,0,0,0,,,FEMININ,Co,Jean-Louis.Mounier@developpement-durable.gouv.fr,2013-02-05 00:00:00,,
ZPL_ERMN_567646774,pl,ZPL_ERMN_567646774,,Sans Objet,Sans Objet,Zone de stockage PL PéageChambéryNord A43sens1PR89 - Nb voies : 0 - Capacité : 12 - Intempérie : F,Sans Objet,73,A0043,73PR89DC,0,73,A0043,73PR89DC,199,D,89,,AREA,,,0,0,0,,,FEMININ,Craa,Jean-Louis.Mounier@developpement-durable.gouv.fr,2013-02-05 00:00:00,,
ZPL_USXV_677578023,pl,ZPL_USXV_677578023,,Sans Objet,Sans Objet,Zone de stockage PL A71_COF41_PR167_1 - Localisation : VD - Nb voies : 1 - Capacité : 200 - Intempérie : F - Commentaire : Neutralisation,Sans Objet,41,A0071,41PR163DC,200,41,A0071,41PR167DC,200,D,0,,COFIROUTE,,,0,0,0,,,FEMININ,Co,Jean-Louis.Mounier@developpement-durable.gouv.fr,2013-02-05 00:00:00,,
ZPL_USXV_700643302,pl,ZPL_USXV_700643302,,Sans Objet,Sans Objet,Zone de stockage PL A28_ROUTALIS27_PR271_2 - Localisation : VG - Nb voies : 1 - Capacité : 685 - Intempérie : F - Commentaire : Neutralisation,Sans Objet,27,A0028,27PR271GC,0,27,A0028,27PR284GC,700,G,0,,ALIS,,,0,0,0,,,FEMININ,Co,Jean-Louis.Mounier@developpement-durable.gouv.fr,2013-02-05 00:00:00,,
ZPL_USXV_701246772,pl,ZPL_USXV_701246772,,Sans Objet,Sans Objet,Zone de stockage PL A81_COF72_PR211_1 - Localisation : VG VD - Nb voies : 2 - Capacité : 600 - Intempérie : F - Commentaire : Basculement,Sans Objet,72,A0081,72PR205DC,0,72,A0081,72PR211DC,0,D,0,,COFIROUTE,,,0,0,0,,,FEMININ,Co,Jean-Louis.Mounier@developpement-durable.gouv.fr,2013-02-05 00:00:00,,
ZPL_USXV_710412052,pl,ZPL_USXV_710412052,,Sans Objet,Sans Objet,Zone de stockage PL A87_ASF85_PR107_2 - Localisation : BAU - Nb voies : 1 - Capacité : 250 - Intempérie : F - Commentaire : tri au péage,Sans Objet,85,A0087,85PR107GC,0,85,A0087,85PR112GC,0,G,0,,ASF,,,0,0,0,,,FEMININ,Co,Jean-Louis.Mounier@developpement-durable.gouv.fr,2013-02-05 00:00:00,,
ZPL_USXV_723578022,pl,ZPL_USXV_723578022,,Sans Objet,Sans Objet,Zone de stockage PL A83_ASF85_PR45_2 - Localisation : Aire - Nb voies : 0 - Capacité : 300 - Intempérie : F - Commentaire : Stockage sur Aire,Sans Objet,85,A0083,85PR45GC,500,85,A0083,85PR45GC,550,G,0,,ASF,,,0,0,0,,,FEMININ,Co,Jean-Louis.Mounier@developpement-durable.gouv.fr,2013-02-05 00:00:00,,
ZPL_USXV_728446772,pl,ZPL_USXV_728446772,,Sans Objet,Sans Objet,Zone de stockage PL A85_COF37_PR114_1 - Nb voies : 0 - Capacité : 200 - Intempérie : F,Sans Objet,37,A0085,37PR109DC,0,37,A0085,37PR114DC,0,D,0,,COFIROUTE,,,0,0,0,,,FEMININ,Co,Jean-Louis.Mounier@developpement-durable.gouv.fr,2013-02-05 00:00:00,,
ZPL_USXV_777289012,pl,ZPL_USXV_777289012,,Sans Objet,Sans Objet,Zone de stockage PL A71_COF41_PR163_2 - Localisation : VD - Nb voies : 1 - Capacité : 200 - Intempérie : F - Commentaire : Neutralisation,Sans Objet,41,A0071,41PR163GC,200,41,A0071,41PR167GC,200,G,0,,COFIROUTE,,,0,0,0,,,FEMININ,Co,Jean-Louis.Mounier@developpement-durable.gouv.fr,2013-02-05 00:00:00,,
ZPL_USXV_780612052,pl,ZPL_USXV_780612052,,Sans Objet,Sans Objet,Zone de stockage PL A10_COF37_PR207_2 - Nb voies : 0 - Capacité : 600 - Intempérie : F,Sans Objet,37,A0010,37PR207GC,0,37,A0010,37PR207GC,100,G,0,,COFIROUTE,,,0,0,0,,,FEMININ,Co,Jean-Louis.Mounier@developpement-durable.gouv.fr,2013-02-05 00:00:00,,
ZPL_USXV_781261012,pl,ZPL_USXV_781261012,,Sans Objet,Sans Objet,Zone de stockage PL A13_SAPN14_PR213_1 - Localisation : VG - Nb voies : 1 - Capacité : 450 - Intempérie : F - Commentaire : Neutralisation,Sans Objet,14,A0013,14PR204DC,0,14,A0013,14PR213DC,0,D,0,,SAPN,,,0,0,0,,,FEMININ,Co,Jean-Louis.Mounier@developpement-durable.gouv.fr,2013-02-05 00:00:00,,
ZPL_USXV_784820262,pl,ZPL_USXV_784820262,,Sans Objet,Sans Objet,Zone de stockage PL A85_COF37_PR109_2 - Nb voies : 0 - Capacité : 200 - Intempérie : F,Sans Objet,37,A0085,37PR109GC,0,37,A0085,37PR114GC,0,G,0,,COFIROUTE,,,0,0,0,,,FEMININ,Co,Jean-Louis.Mounier@developpement-durable.gouv.fr,2013-02-05 00:00:00,,
ZPL_USXV_785978022,pl,ZPL_USXV_785978022,,Sans Objet,Sans Objet,Zone de stockage PL A11_COF28_PR53_1 - Localisation : VG VM VD - Nb voies : 3 - Capacité : 750 - Intempérie : F - Commentaire : Basculement,Sans Objet,28,A0011,28PR47DC,0,28,A0011,28PR53DC,0,D,0,,COFIROUTE,,,0,0,0,,,FEMININ,Co,Jean-Louis.Mounier@developpement-durable.gouv.fr,2013-02-05 00:00:00,,
ZPL_USXV_795612052,pl,ZPL_USXV_795612052,,Sans Objet,Sans Objet,Zone de stockage PL A13_SAPN27_PR146_1 - Localisation : VG - Nb voies : 1 - Capacité : 1200 - Intempérie : F - Commentaire : Neutralisation,Sans Objet,27,A0013,27PR123DC,0,27,A0013,27PR146DC,0,D,0,,SAPN,,,0,0,0,,,FEMININ,Co,Jean-Louis.Mounier@developpement-durable.gouv.fr,2013-02-05 00:00:00,,
ZPL_USXV_801178021,pl,ZPL_USXV_801178021,,Sans Objet,Sans Objet,Zone de stockage PL A28_ROUTALIS61_PR191_1 - Localisation : VG - Nb voies : 1 - Capacité : 480 - Intempérie : F - Commentaire : Neutralisation,Sans Objet,61,A0028,61PR183DC,0,61,A0028,61PR191DC,600,D,0,,ALIS,,,0,0,0,,,FEMININ,Co,Jean-Louis.Mounier@developpement-durable.gouv.fr,2013-02-05 00:00:00,,
ZPL_USXV_824778021,pl,ZPL_USXV_824778021,,Sans Objet,Sans Objet,Zone de stockage PL A13_SAPN27_PR122_2 - Localisation : VG - Nb voies : 1 - Capacité : 1200 - Intempérie : F - Commentaire : Neutralisation,Sans Objet,27,A0013,27PR123GC,0,27,A0013,27PR146GC,0,G,0,,SAPN,,,0,0,0,,,FEMININ,Co,Jean-Louis.Mounier@developpement-durable.gouv.fr,2013-02-05 00:00:00,,
ZPL_USXV_831578021,pl,ZPL_USXV_831578021,,Sans Objet,Sans Objet,Zone de stockage PL A71_COF18_PR202_1 - Nb voies : 0 - Capacité : 200 - Intempérie : F,Sans Objet,18,A0071,18PR198DC,200,18,A0071,18PR202DC,200,D,0,,COFIROUTE,,,0,0,0,,,FEMININ,Co,Jean-Louis.Mounier@developpement-durable.gouv.fr,2013-02-05 00:00:00,,
ZPL_USXV_857420261,pl,ZPL_USXV_857420261,,Sans Objet,Sans Objet,Zone de stockage PL A11_COF44_PR313_2 - Nb voies : 0 - Capacité : 100 - Intempérie : F,Sans Objet,44,A0011,44PR313GC,400,44,A0011,44PR315GC,400,G,0,,COFIROUTE,,,0,0,0,,,FEMININ,Co,Jean-Louis.Mounier@developpement-durable.gouv.fr,2013-02-05 00:00:00,,
ZPL_USXV_860689011,pl,ZPL_USXV_860689011,,Sans Objet,Sans Objet,Zone de stockage PL A10_COF37_PR200_2 - Nb voies : 0 - Capacité : 200 - Intempérie : F,Sans Objet,37,A0010,37PR200GC,0,37,A0010,37PR200GC,100,G,0,,COFIROUTE,,,0,0,0,,,FEMININ,Co,Jean-Louis.Mounier@developpement-durable.gouv.fr,2013-02-05 00:00:00,,
ZPL_USXV_919089010,pl,ZPL_USXV_919089010,,Sans Objet,Sans Objet,Zone de stockage PL A85_COF49_PR28_1 - Localisation : VD - Nb voies : 1 - Capacité : 100 - Intempérie : F - Commentaire : Neutralisation,Sans Objet,49,A0085,49PR26DC,0,49,A0085,49PR28DC,0,D,0,,COFIROUTE,,,0,0,0,,,FEMININ,Co,Jean-Louis.Mounier@developpement-durable.gouv.fr,2013-02-05 00:00:00,,
ZPL_USXV_936243300,pl,ZPL_USXV_936243300,,Sans Objet,Sans Objet,Zone de stockage PL A10_COF37_PR178_2 - Nb voies : 0 - Capacité : 150 - Intempérie : F,Sans Objet,37,A0010,37PR178GC,500,37,A0010,37PR178GC,550,G,0,,COFIROUTE,,,0,0,0,,,FEMININ,Co,Jean-Louis.Mounier@developpement-durable.gouv.fr,2013-02-05 00:00:00,,
ZPL_USXV_942537700,pl,ZPL_USXV_942537700,,Sans Objet,Sans Objet,Zone de stockage PL A28_COF72_PR47_1 - Nb voies : 0 - Capacité : 3400 - Intempérie : F,Sans Objet,72,A0028,72PR50GC,0,72,A0028,72PR95GC,0,G,0,,COFIROUTE,,,0,0,0,,,FEMININ,Co,Jean-Louis.Mounier@developpement-durable.gouv.fr,2013-02-05 00:00:00,,
ZPL_USXV_944412050,pl,ZPL_USXV_944412050,,Sans Objet,Sans Objet,Zone de stockage PL A85_COF41_PR172_2 - Localisation : VD VG - Nb voies : 2 - Capacité : 500 - Intempérie : F - Commentaire : Basculement,Sans Objet,41,A0085,41PR172GC,690,41,A0085,41PR177GC,690,G,0,,COFIROUTE,,,0,0,0,,,FEMININ,Co,Jean-Louis.Mounier@developpement-durable.gouv.fr,2013-02-05 00:00:00,,
ZPL_USXV_950820260,pl,ZPL_USXV_950820260,,Sans Objet,Sans Objet,Zone de stockage PL A29_SAPN76_PR60_1 - Localisation : VG - Nb voies : 1 - Capacité : 500 - Intempérie : F - Commentaire : Neutralisation,Sans Objet,76,A0029,76PR50DC,0,76,A0029,76PR60DC,0,D,0,,SAPN,,,0,0,0,,,FEMININ,Co,Jean-Louis.Mounier@developpement-durable.gouv.fr,2013-02-05 00:00:00,,
ZPL_USXV_95378029,pl,ZPL_USXV_95378029,,Sans Objet,Sans Objet,Zone de stockage PL A85_COF49_PR33_2 - Localisation : VD - Nb voies : 1 - Capacité : 100 - Intempérie : F - Commentaire : Neutralisation,Sans Objet,49,A0085,49PR33GC,400,49,A0085,49PR35GC,400,G,0,,COFIROUTE,,,0,0,0,,,FEMININ,Co,Jean-Louis.Mounier@developpement-durable.gouv.fr,2013-02-05 00:00:00,,
ZPL_USXV_957689010,pl,ZPL_USXV_957689010,,Sans Objet,Sans Objet,Zone de stockage PL A11_COF28_PR47_2 - Localisation : VG VM VD - Nb voies : 3 - Capacité : 750 - Intempérie : F - Commentaire : Basculement,Sans Objet,28,A0011,28PR47GC,0,28,A0011,28PR53GC,0,G,0,,COFIROUTE,,,0,0,0,,,FEMININ,Co,Jean-Louis.Mounier@developpement-durable.gouv.fr,2013-02-05 00:00:00,,
ZPL_USXV_958212050,pl,ZPL_USXV_958212050,,Sans Objet,Sans Objet,Zone de stockage PL A87_ASF49_PR15_1 - Localisation : BAU - Nb voies : 1 - Capacité : 250 - Intempérie : F - Commentaire : tri au péage,Sans Objet,49,A0087,49PR10DC,0,49,A0087,49PR15DC,0,D,0,,ASF,,,0,0,0,,,FEMININ,Co,Jean-Louis.Mounier@developpement-durable.gouv.fr,2013-02-05 00:00:00,,
ZPL_USXV_963812050,pl,ZPL_USXV_963812050,,Sans Objet,Sans Objet,Zone de stockage PL A28_COF37_PR47_1 - Nb voies : 0 - Capacité : 3400 - Intempérie : F,Sans Objet,37,A0028,37PR47GC,700,37,A0028,37PR49GC,0,G,0,,COFIROUTE,,,0,0,0,,,FEMININ,Co,Jean-Louis.Mounier@developpement-durable.gouv.fr,2013-02-05 00:00:00,,
ZPL_USXV_965889010,pl,ZPL_USXV_965889010,,Sans Objet,Sans Objet,Zone de stockage PL A83_ASF44_PR7_1 - Localisation : BAU - Nb voies : 1 - Capacité : 250 - Intempérie : F - Commentaire : tri au péage,Sans Objet,44,A0083,44PR2DC,250,44,A0083,44PR7DC,0,D,0,,ASF,,,0,0,0,,,FEMININ,Co,Jean-Louis.Mounier@developpement-durable.gouv.fr,2013-02-05 00:00:00,,
ZPL_ERMN_110320268,pl,ZPL_ERMN_110320268,,Sans Objet,Sans Objet,Zone de stockage PL Balan (PNVR) - Localisation : Section courante sur voie lente et média - Nb voies : 2 - Capacité : 600 - Intempérie : F,Sans Objet,1,A0042,01PR19GC,0,1,A0042,01PR25GC,0,G,19,,APRR,,,0,0,0,,,FEMININ,Craa,Jean-Louis.Mounier@developpement-durable.gouv.fr,2013-02-05 00:00:00,,
ZPL_ERMN_136943308,pl,ZPL_ERMN_136943308,,Sans Objet,Sans Objet,Zone de stockage PL KoA40sens1PR157 - Nb voies : 2 - Capacité : 600 - Intempérie : F,Sans Objet,1,A0040,01PR157DC,0,1,A0040,01PR163DC,500,D,157,,APRR,,,0,0,0,,,FEMININ,Craa,Jean-Louis.Mounier@developpement-durable.gouv.fr,2013-02-05 00:00:00,,
ZPL_ERMN_141989018,pl,ZPL_ERMN_141989018,,Sans Objet,Sans Objet,Zone de stockage PL Thiers Ouest – Felet (PIMAC) - Localisation : BAU - Nb voies : 1 - Capacité : 150 - Intempérie : F,Sans Objet,63,A0089,63PR424DC,0,63,A0089,63PR427DC,0,D,424,,ASF,,,0,0,0,,,FEMININ,Craa,Jean-Louis.Mounier@developpement-durable.gouv.fr,2013-02-05 00:00:00,,
ZPL_ERMN_150712058,pl,ZPL_ERMN_150712058,,Sans Objet,Sans Objet,Zone de stockage PL Pont de l'Isère (PNVR) - Localisation : Section courante sur voie lente et média - Nb voies : 2 - Capacité : 1100 - Intempérie : F,Sans Objet,26,A0007,26PR55DC,400,26,A0007,26PR65DC,0,D,55,,ASF,,,0,0,0,,,FEMININ,Craa,Jean-Louis.Mounier@developpement-durable.gouv.fr,2013-02-05 00:00:00,,
ZPL_ERMN_697112053,pl,ZPL_ERMN_697112053,,Sans Objet,Sans Objet,Zone de stockage PL Saint-Germain (PIMAC) - Localisation : BAU - Nb voies : 1 - Capacité : 150 - Intempérie : F,Sans Objet,42,A0089,42PR478DC,600,42,A0089,42PR481DC,600,D,479,,ASF,,,0,0,0,,,FEMININ,Craa,Jean-Louis.Mounier@developpement-durable.gouv.fr,2013-02-05 00:00:00,,
ZPL_ERMN_156189018,pl,ZPL_ERMN_156189018,,Sans Objet,Sans Objet,Zone de stockage PL Péage Reventin (source DES) - Localisation : Amont et aval de la barrière de péage - Nb voies : 2 - Capacité : 1000 - Intempérie : F,Sans Objet,69,A0007,69PR6G,0,38,A0007,38PR10GC,0,G,6,,ASF,,,0,0,0,,,FEMININ,Craa,Jean-Louis.Mounier@developpement-durable.gouv.fr,2013-02-05 00:00:00,,
ZPL_ERMN_177678028,pl,ZPL_ERMN_177678028,,Sans Objet,Sans Objet,Zone de stockage PL KoA42sens1PR49 - Nb voies : 1 - Capacité : 300 - Intempérie : F,Sans Objet,1,A0042,01PR43DC,0,1,A0042,01PR49DC,0,D,43,,APRR,,,0,0,0,,,FEMININ,Craa,Jean-Louis.Mounier@developpement-durable.gouv.fr,2013-02-05 00:00:00,,
ZPL_ERMN_181389018,pl,ZPL_ERMN_181389018,,Sans Objet,Sans Objet,Zone de stockage PL Rampe Cher (PIMAC) - Localisation : Section courante BAU au Nord rampe - Nb voies : 1 - Capacité : 120 - Intempérie : F,Sans Objet,18,A0071,18PR271DC,500,3,A0071,18PR273DC,800,D,272,,APRR,,,0,0,0,,,FEMININ,Craa,Jean-Louis.Mounier@developpement-durable.gouv.fr,2013-02-05 00:00:00,,
ZPL_ERMN_255443307,pl,ZPL_ERMN_255443307,,Sans Objet,Sans Objet,"Zone de stockage PL Romagnieu A43sens1PR64,5 - Nb voies : 0 - Capacité : 80 - Intempérie : F",Sans Objet,38,A0043,38PR64DC,500,38,A0043,38PR66DC,100,D,65,,AREA,,,0,0,0,,,FEMININ,Craa,Jean-Louis.Mounier@developpement-durable.gouv.fr,2013-02-05 00:00:00,,
ZPL_ERMN_264043307,pl,ZPL_ERMN_264043307,,Sans Objet,Sans Objet,Zone de stockage PL Péage Chignin A43sens1PR103 - Nb voies : 0 - Capacité : 6 - Intempérie : F,Sans Objet,73,A0043,73PR103DC,0,73,A0043,73PR103DC,100,D,103,,AREA,,,0,0,0,,,FEMININ,Craa,Jean-Louis.Mounier@developpement-durable.gouv.fr,2013-02-05 00:00:00,,
ZPL_ERMN_26512059,pl,ZPL_ERMN_26512059,,Sans Objet,Sans Objet,Zone de stockage PL Le FAYET-PASSY - Localisation : Voie de droite puis voie de gauche - Nb voies : 2 - Capacité : 100 - Durée HP : 01h00 - Intempérie : F,Sans Objet,74,A0040,74PR0GC,0,74,A0040,74PR1GC,650,G,0,,ATMB,,,0,0,0,,,FEMININ,Craa,Jean-Louis.Mounier@developpement-durable.gouv.fr,2013-02-05 00:00:00,,
ZPL_ERMN_324120266,pl,ZPL_ERMN_324120266,,Sans Objet,Sans Objet,Zone de stockage PL Saint-Germain (PIMAC) - Localisation : BAU - Nb voies : 1 - Capacité : 150 - Intempérie : F,Sans Objet,42,A0089,42PR478GC,600,42,A0089,42PR481GC,600,G,479,,ASF,,,0,0,0,,,FEMININ,Craa,Jean-Louis.Mounier@developpement-durable.gouv.fr,2013-02-05 00:00:00,,
ZPL_ERMN_335420266,pl,ZPL_ERMN_335420266,,Sans Objet,Sans Objet,Zone de stockage PL Péage Crolles A41sens2PR14 - Nb voies : 0 - Capacité : 135 - Intempérie : F,Sans Objet,38,A0041,38PR11GC,300,38,A0041,38PR14GC,0,G,11,,AREA,,,0,0,0,,,FEMININ,Craa,Jean-Louis.Mounier@developpement-durable.gouv.fr,2013-02-05 00:00:00,,
ZPL_ERMN_355012056,pl,ZPL_ERMN_355012056,,Sans Objet,Sans Objet,Zone de stockage PL St Georges A6sens2PR424 - Nb voies : 0 - Capacité : 200 - Intempérie : F,Sans Objet,69,A0006,69PR424GC,0,69,A0006,69PR426GC,0,G,424,,APRR,,,0,0,0,,,FEMININ,Craa,Jean-Louis.Mounier@developpement-durable.gouv.fr,2013-02-05 00:00:00,,
ZPL_ERMN_356920266,pl,ZPL_ERMN_356920266,,Sans Objet,Sans Objet,Zone de stockage PL KoA40sens2PR139 - Nb voies : 1 - Capacité : 350 - Intempérie : F,Sans Objet,1,A0040,01PR139GC,0,1,A0040,01PR146GC,0,G,139,,APRR,,,0,0,0,,,FEMININ,Craa,Jean-Louis.Mounier@developpement-durable.gouv.fr,2013-02-05 00:00:00,,
ZPL_ERMN_36178029,pl,ZPL_ERMN_36178029,,Sans Objet,Sans Objet,Zone de stockage PL St Georges A6sens1PR420 - Nb voies : 0 - Capacité : 500 - Intempérie : F,Sans Objet,69,A0006,69PR420DC,0,69,A0006,69PR426DC,300,D,420,,APRR,,,0,0,0,,,FEMININ,Craa,Jean-Louis.Mounier@developpement-durable.gouv.fr,2013-02-05 00:00:00,,
ZPL_ERMN_928718770,pl,ZPL_ERMN_928718770,,Sans Objet,Sans Objet,Zone de stockage PL Dracé-KoA6sens1PR412 - Localisation : voie lente et médiane - Nb voies : 2 - Capacité : 380 - Intempérie : F,Sans Objet,69,A0006,69PR408DC,200,69,A0006,69PR412DC,0,D,408,,APRR,,,0,0,0,,,FEMININ,Craa,Jean-Louis.Mounier@developpement-durable.gouv.fr,2013-02-05 00:00:00,,
ZPL_ERMN_411589015,pl,ZPL_ERMN_411589015,,Sans Objet,Sans Objet,Zone de stockage PL Péage Veauchette (PNVR) - Localisation : Section courante sur voie lente avant ba - Nb voies : 1 - Capacité : 400 - Intempérie : F,Sans Objet,42,A0072,42PR110DC,0,42,A0072,42PR117DC,507,D,110,,ASF,,,0,0,0,,,FEMININ,Craa,Jean-Louis.Mounier@developpement-durable.gouv.fr,2013-02-05 00:00:00,,
ZPL_ERMN_463946775,pl,ZPL_ERMN_463946775,,Sans Objet,Sans Objet,Zone de stockage PL Saint-Quentin F. (PNVR) - Localisation : Amont de la barrière - Nb voies : 1 - Capacité : 300 - Intempérie : F,Sans Objet,38,A0043,38PR21GC,0,38,A0043,38PR27GC,0,G,21,,AREA,,,0,0,0,,,FEMININ,Craa,Jean-Louis.Mounier@developpement-durable.gouv.fr,2013-02-05 00:00:00,,
ZPL_ERMN_563631304,pl,ZPL_ERMN_563631304,,Sans Objet,Sans Objet,Zone de stockage PL StGeorges-KoA6sens2PR413 - Localisation : voie lente et médiane - Nb voies : 2 - Capacité : 300 - Durée HP : 02H00 - Intempérie : F,Sans Objet,69,A0006,69PR413GC,0,69,A0006,69PR418GC,0,G,413,,APRR,,,0,0,0,,,FEMININ,Craa,Jean-Louis.Mounier@developpement-durable.gouv.fr,2013-02-05 00:00:00,,
ZPL_ERMN_585552054,pl,ZPL_ERMN_585552054,,Sans Objet,Sans Objet,Zone de stockage PL KoA40sens2PR129 - Nb voies : 1 - Capacité : 150 - Intempérie : F,Sans Objet,1,A0040,01PR126GC,0,1,A0040,01PR129GC,0,G,126,,APRR,,,0,0,0,,,FEMININ,Craa,Jean-Louis.Mounier@developpement-durable.gouv.fr,2013-02-05 00:00:00,,
ZPL_ERMN_596278024,pl,ZPL_ERMN_596278024,,Sans Objet,Sans Objet,Zone de stockage PL Thiers Ouest – Felet (PIMAC) - Localisation : BAU - Nb voies : 1 - Capacité : 150 - Intempérie : F,Sans Objet,63,A0089,63PR424GC,0,63,A0089,63PR427GC,0,G,424,,ASF,,,0,0,0,,,FEMININ,Craa,Jean-Louis.Mounier@developpement-durable.gouv.fr,2013-02-05 00:00:00,,
ZPL_ERMN_984489010,pl,ZPL_ERMN_984489010,,Sans Objet,Sans Objet,"Zone de stockage PL Rieu Sec A43sens1PR172,5 - Nb voies : 0 - Capacité : 730 - Intempérie : F",Sans Objet,73,A0043,73PR172DC,500,73,A0043,73PR187DC,100,D,173,,AREA,,,0,0,0,,,FEMININ,Craa,Jean-Louis.Mounier@developpement-durable.gouv.fr,2013-02-05 00:00:00,,
ZPL_ERMN_621743303,pl,ZPL_ERMN_621743303,,Sans Objet,Sans Objet,Zone de stockage PL Portes-lès-Valence (PNVR) - Localisation : Section courante sur voie lente et média - Nb voies : 2 - Capacité : 1800 - Intempérie : F,Sans Objet,26,A0007,26PR73GC,0,26,A0007,26PR91GC,0,G,73,,ASF,,,0,0,0,,,FEMININ,Craa,Jean-Louis.Mounier@developpement-durable.gouv.fr,2013-02-05 00:00:00,,
ZPL_ERMN_626343303,pl,ZPL_ERMN_626343303,,Sans Objet,Sans Objet,Zone de stockage PL Péage Chatuzange (PNVR) - Localisation : Amont de la barrière - Nb voies : 0 - Capacité : 100 - Intempérie : F,Sans Objet,26,A0049,26PR57GC,100,26,A0049,26PR59GC,100,G,57,,AREA,,,0,0,0,,,FEMININ,Craa,Jean-Louis.Mounier@developpement-durable.gouv.fr,2013-02-05 00:00:00,,
ZPL_ERMN_656838023,pl,ZPL_ERMN_656838023,,Sans Objet,Sans Objet,Zone de stockage PL CHATILLON-en-MICHAILLE (PR103) - Nb voies : 1 - Capacité : 200 - Intempérie : F,Sans Objet,1,A0040,01PR99DC,0,1,A0040,01PR102DC,977,D,99,,ATMB,,,0,0,0,,,FEMININ,Craa,Jean-Louis.Mounier@developpement-durable.gouv.fr,2013-02-05 00:00:00,,
ZPL_ERMN_728546772,pl,ZPL_ERMN_728546772,,Sans Objet,Sans Objet,Zone de stockage PL Péage Gerzat (PIMAC) - Localisation : BAU au Nord et Sud de la barrière - Nb voies : 1 - Capacité : 450 - Intempérie : F,Sans Objet,63,A0071,63PR376GC,0,63,A0071,63PR384GC,0,G,376,,APRR,,,0,0,0,,,FEMININ,Craa,Jean-Louis.Mounier@developpement-durable.gouv.fr,2013-02-05 00:00:00,,
ZPL_ERMN_729720262,pl,ZPL_ERMN_729720262,,Sans Objet,Sans Objet,Zone de stockage PL Pont de l'Isère (PNVR) - Localisation : Section courante sur voie lente et média - Nb voies : 2 - Capacité : 1100 - Intempérie : F,Sans Objet,26,A0007,26PR55GC,400,26,A0007,26PR65GC,0,G,55,,ASF,,,0,0,0,,,FEMININ,Craa,Jean-Louis.Mounier@developpement-durable.gouv.fr,2013-02-05 00:00:00,,
ZPL_ERMN_761520262,pl,ZPL_ERMN_761520262,,Sans Objet,Sans Objet,Zone de stockage PL PASSY-SALLANCHES - Localisation : Voie de droite puis voie de gauche - Nb voies : 2 - Capacité : 520 - Durée HP : 01H00 - Intempérie : F,Sans Objet,74,A0040,74PR1GC,650,74,A0040,74PR9GC,450,G,2,,ATMB,,,0,0,0,,,FEMININ,Craa,Jean-Louis.Mounier@developpement-durable.gouv.fr,2013-02-05 00:00:00,,
ZPL_ERMN_771046772,pl,ZPL_ERMN_771046772,,Sans Objet,Sans Objet,Zone de stockage PL ZI St Quentin A43sens1PR28 - Nb voies : 0 - Capacité : 12 - Intempérie : F,Sans Objet,38,A0043,38PR28DC,0,38,A0043,38PR28DC,250,D,28,,AREA,,,0,0,0,,,FEMININ,Craa,Jean-Louis.Mounier@developpement-durable.gouv.fr,2013-02-05 00:00:00,,
pl-N154_DIRNO28_PR73_2,pl,N154_DIRNO28_PR73_2,,Sans objet,Sans objet,Zone de stockage PL - Localisation : entre Serazereux et Challet - Voie de gauche - Capacité : 110 - Intempérie : F,Sans objet,28,N0154,28PR73G,900,28,N0154,28PR76G,200,G,10,2300,DIRNO,VRAI,,0,0,0,,,FEMININ,DIRNO,Jean-Louis.Mounier@developpement-durable.gouv.fr,2013-04-10 00:00:00,,
ZPL_ERMN_79312059,pl,ZPL_ERMN_79312059,,Sans Objet,Sans Objet,Zone de stockage PL Bourg-en-Bresse (PNVR) - Localisation : Section courante sur voie lente et média - Nb voies : 2 - Capacité : 600 - Intempérie : F,Sans Objet,1,A0040,01PR157GC,800,1,A0040,01PR163GC,500,G,158,,APRR,,,0,0,0,,,FEMININ,Craa,Jean-Louis.Mounier@developpement-durable.gouv.fr,2013-02-05 00:00:00,,
ZPL_ERMN_835578021,pl,ZPL_ERMN_835578021,,Sans Objet,Sans Objet,Zone de stockage PL La Colombière A40sens2PR140 - Nb voies : 0 - Capacité : 200 - Intempérie : F,Sans Objet,1,A0040,01PR136GC,0,1,A0040,01PR140GC,0,G,136,,APRR,,,0,0,0,,,FEMININ,Craa,Jean-Louis.Mounier@developpement-durable.gouv.fr,2013-02-05 00:00:00,,
ZPL_ERMN_844199251,pl,ZPL_ERMN_844199251,,Sans Objet,Sans Objet,Zone de stockage PL Dracé-KoA6sens1PR406.2 - Localisation : voie lente et médiane+aire Dracé - Nb voies : 2 - Capacité : 320 - Intempérie : F,Sans Objet,69,A0006,69PR404DC,0,69,A0006,69PR406DC,200,D,404,,APRR,,,0,0,0,,,FEMININ,Craa,Jean-Louis.Mounier@developpement-durable.gouv.fr,2013-02-05 00:00:00,,
ZPL_ERMN_862943301,pl,ZPL_ERMN_862943301,,Sans Objet,Sans Objet,Zone de stockage PL Rampe Sioule (PIMAC) - Localisation : Section courante BAU au Nord rampe - Nb voies : 1 - Capacité : 300 - Intempérie : F,Sans Objet,3,A0071,03PR334DC,0,3,A0071,03PR340DC,0,D,334,,APRR,,,0,0,0,,,FEMININ,Craa,Jean-Louis.Mounier@developpement-durable.gouv.fr,2013-02-05 00:00:00,,
ZPL_ERMN_923889010,pl,ZPL_ERMN_923889010,,Sans Objet,Sans Objet,Zone de stockage PL Péage Voreppe A48sens2PR85 - Nb voies : 0 - Capacité : 25 - Intempérie : F,Sans Objet,38,A0048,38PR84GC,500,38,A0048,38PR85GC,0,G,85,,AREA,,,0,0,0,,,FEMININ,Craa,Jean-Louis.Mounier@developpement-durable.gouv.fr,2013-02-05 00:00:00,,
ZPL_ERMN_933656260,pl,ZPL_ERMN_933656260,,Sans Objet,Sans Objet,Zone de stockage PL Taponas-KoA6sens2PR409 - Localisation : voie lente et médiane - Nb voies : 2 - Capacité : 300 - Durée HP : 02H00 - Intempérie : F,Sans Objet,69,A0006,69PR409GC,0,69,A0006,69PR412GC,0,G,409,,APRR,,,0,0,0,,,FEMININ,Craa,Jean-Louis.Mounier@developpement-durable.gouv.fr,2013-02-05 00:00:00,,
ZPL_ERMN_946569010,pl,ZPL_ERMN_946569010,,Sans Objet,Sans Objet,Zone de stockage PL Belleville-KoA6sens1PR418.7 - Nb voies : 0 - Capacité : 450 - Intempérie : F,Sans Objet,69,A0006,69PR413DC,0,69,A0006,69PR418DC,700,D,413,,APRR,,,0,0,0,,,FEMININ,Craa,Jean-Louis.Mounier@developpement-durable.gouv.fr,2013-02-05 00:00:00,,
ZPL_ERMN_960020260,pl,ZPL_ERMN_960020260,,Sans Objet,Sans Objet,"Zone de stockage PL St Georges A6sens2PR423,5 - Nb voies : 0 - Capacité : 350 - Intempérie : F",Sans Objet,69,A0006,69PR420GC,0,69,A0006,69PR423GC,500,G,420,,APRR,,,0,0,0,,,FEMININ,Craa,Jean-Louis.Mounier@developpement-durable.gouv.fr,2013-02-05 00:00:00,,
ZPL_ERMN_972943570,pl,ZPL_ERMN_972943570,,Sans Objet,Sans Objet,Zone de stockage PL Voie hivernale (PIANO) - Nb voies : 1 - Capacité : 90 - Intempérie : F,Sans Objet,38,A0048,38PR47DC,0,38,A0048,38PR48DC,900,D,47,,AREA,,,0,0,0,,,FEMININ,Craa,Jean-Louis.Mounier@developpement-durable.gouv.fr,2013-02-05 00:00:00,,
ZPL_ERMN_991346770,pl,ZPL_ERMN_991346770,,Sans Objet,Sans Objet,Zone de stockage PL Portes-lès-Valence (PNVR) - Localisation : Section courante sur voie lente et média - Nb voies : 2 - Capacité : 1800 - Intempérie : F,Sans Objet,26,A0007,26PR73DC,0,26,A0007,26PR91DC,0,D,73,,ASF,,,0,0,0,,,FEMININ,Craa,Jean-Louis.Mounier@developpement-durable.gouv.fr,2013-02-05 00:00:00,,
ZPL_ERMN_123343308,pl,ZPL_ERMN_123343308,,Sans Objet,Sans Objet,Zone de stockage PL N88 St Chamond-Terrenoire - Localisation : Voie de droite et voie mediane - Nb voies : 2 - Capacité : 300 - Intempérie : F,Sans Objet,42,N0088,42PR31D,0,42,N0088,42PR34D,0,D,31,,DIRCE,VRAI,,0,0,0,,,FEMININ,DIRCE,Jean-Louis.Mounier@developpement-durable.gouv.fr,2013-02-05 00:00:00,,
ZPL_ERMN_159189018,pl,ZPL_ERMN_159189018,,Sans Objet,Sans Objet,Zone de stockage PL Avermes (PIZE) - Localisation : Voie de Gauche - Nb voies : 1 - Capacité : 1000 - Durée HP : 02H00 - Intempérie : F,Sans Objet,3,N0007,03PR13G,500,3,N0007,03PR20G,500,G,14,,DIRCE,VRAI,,0,0,0,,,FEMININ,DIRCE,Jean-Louis.Mounier@developpement-durable.gouv.fr,2013-02-05 00:00:00,,
ZPL_ERMN_220078027,pl,ZPL_ERMN_220078027,,Sans Objet,Sans Objet,Zone de stockage PL A72 La Fouillouse - Localisation : Voie de droite et voie mediane - Nb voies : 2 - Capacité : 500 - Intempérie : F,Sans Objet,42,A0072,42PR10G,0,42,A0072,42PR15G,0,G,10,,DIRCE,,,0,0,0,,,FEMININ,DIRCE,Jean-Louis.Mounier@developpement-durable.gouv.fr,2013-02-05 00:00:00,,
ZPL_ERMN_453278025,pl,ZPL_ERMN_453278025,,Sans Objet,Sans Objet,Zone de stockage PL Montélimar - Localisation : Divers parkings ZA - Nb voies : 0 - Capacité : 50 - Intempérie : F,Sans Objet,26,N0007,26PR91U,933,26,N0007,26PR93U,372,D,92,,DIRCE,VRAI,,0,0,0,,,FEMININ,DIRCE,Jean-Louis.Mounier@developpement-durable.gouv.fr,2013-02-05 00:00:00,,
ZPL_ERMN_548543304,pl,ZPL_ERMN_548543304,,Sans Objet,Sans Objet,Zone de stockage PL Savasse - Localisation : Relais des roches-La tête noire - Nb voies : 0 - Capacité : 80 - Intempérie : F,Sans Objet,26,N0007,26PR82U,260,26,N0007,26PR84U,560,D,82,,DIRCE,VRAI,,0,0,0,,,FEMININ,DIRCE,Jean-Louis.Mounier@developpement-durable.gouv.fr,2013-02-05 00:00:00,,
ZPL_ERMN_220946777,pl,ZPL_ERMN_220946777,,Sans Objet,Sans Objet,Zone de stockage PL A47 Rive de Gier-Givors - Localisation : Voie de droite - Nb voies : 1 - Capacité : 400 - Intempérie : F,Sans Objet,69,A0047,69PR6G,0,42,A0047,42PR14G,0,G,6,,DIRCE,,,0,0,0,,,FEMININ,DIRCE,gls2@developpement-durable.gouv.fr,2014-10-10 15:29:25,,
ZPL_ERMN_642920263,pl,ZPL_ERMN_642920263,,Sans Objet,Sans Objet,Zone de stockage PL St-Rambert d'Albon (PNVR) - Localisation : Sur accotement - Nb voies : 0 - Capacité : 100 - Intempérie : F,Sans Objet,26,N0007,26PR1D,0,26,N0007,26PR3D,0,D,1,,DIRCE,VRAI,,0,0,0,,,FEMININ,DIRCE,Jean-Louis.Mounier@developpement-durable.gouv.fr,2013-02-05 00:00:00,,
ZPL_ERMN_862146771,pl,ZPL_ERMN_862146771,,Sans Objet,Sans Objet,Zone de stockage PL Montélimar Nord - Localisation : Divers Parking - Nb voies : 0 - Capacité : 140 - Intempérie : F,Sans Objet,26,N0007,26PR87U,400,26,N0007,26PR88U,290,D,87,,DIRCE,VRAI,,0,0,0,,,FEMININ,DIRCE,Jean-Louis.Mounier@developpement-durable.gouv.fr,2013-02-05 00:00:00,,
ZPL_ERMN_969789010,pl,ZPL_ERMN_969789010,,Sans Objet,Sans Objet,Zone de stockage PL N88 Terrenoire-St Chamond - Localisation : Voie de droite et voie mediane - Nb voies : 2 - Capacité : 300 - Intempérie : F,Sans Objet,42,N0088,42PR31G,0,42,N0088,42PR34G,0,G,31,,DIRCE,VRAI,,0,0,0,,,FEMININ,DIRCE,Jean-Louis.Mounier@developpement-durable.gouv.fr,2013-02-05 00:00:00,,
ZPL_ERMN_927320260,pl,ZPL_ERMN_927320260,,Sans Objet,Sans Objet,Zone de stockage PL A47 Givors-Rive de Gier - Localisation : Voie de droite - Nb voies : 1 - Capacité : 400 - Intempérie : F,Sans Objet,69,A0047,69PR6D,0,69,A0047,69PR12D,0,D,6,,DIRCE,,,0,0,0,,,FEMININ,DIRCE,gls2@developpement-durable.gouv.fr,2014-10-10 15:38:48,,
ZPL_ERMN_854589011,pl,ZPL_ERMN_854589011,,Sans Objet,Sans Objet,Zone de stockage PL Coudes (PIMAC) - Localisation : Section courante amont rampe Montpeyroux - Nb voies : 1 - Capacité : 100 - Intempérie : F,Sans Objet,63,A0075,63PR30G,800,63,A0075,63PR33G,0,G,,,DIRMC,,,0,0,0,,,FEMININ,DIRMC,Jean-Louis.Mounier@developpement-durable.gouv.fr,2013-02-05 00:00:00,,
ZPL_ERMN_993746770,pl,ZPL_ERMN_993746770,,Sans Objet,Sans Objet,Zone de stockage PL Veyre – diff. 6 Besse (PIMAC) - Localisation : Aire de Veyre et bretelle insertion Bess - Nb voies : 1 - Capacité : 60 - Intempérie : F,Sans Objet,63,A0075,63PR13D,200,63,A0075,63PR14D,400,D,,,DIRMC,,,0,0,0,,,FEMININ,DIRMC,Jean-Louis.Mounier@developpement-durable.gouv.fr,2013-02-05 00:00:00,,
pl-A131_DIRNO76_PR18_2,pl,A131_DIRNO76_PR18_2,,Sans objet,Sans objet,Zone de stockage PL - Localisation : entre La Cerlangue et Saint-Vigor-d'Ymonville - Voie de gauche - Capacité : 200 - Intempérie : F,Sans objet,76,A0131,76PR18G,100,76,A0131,76PR22G,100,G,27,4000,DIRNO,,,0,0,0,,,FEMININ,DIRNO,Jean-Louis.Mounier@developpement-durable.gouv.fr,2013-04-10 00:00:00,,
pl-A131_DIRNO76_PR23_2,pl,A131_DIRNO76_PR23_2,,Sans objet,Sans objet,Zone de stockage PL - Localisation : entre Saint-Vigor-d'Ymonville et Oudalle - Voie de gauche - Capacité : 275 - Intempérie : F,Sans objet,76,A0131,76PR23G,500,76,A0131,76PR29G,0,G,28,5500,DIRNO,,,0,0,0,,,FEMININ,DIRNO,Jean-Louis.Mounier@developpement-durable.gouv.fr,2013-04-10 00:00:00,,
pl-A28_DIRNO76_PR38_2,pl,A28_DIRNO76_PR38_2,,Sans objet,Sans objet,Zone de stockage PL - Localisation : entre Fallencourt et Callengeville - Voie de gauche - Capacité : 400 - Intempérie : F,Sans objet,76,A0028,76PR38G,500,76,A0028,76PR46G,600,G,29,8100,DIRNO,,,0,0,0,,,FEMININ,DIRNO,Jean-Louis.Mounier@developpement-durable.gouv.fr,2013-04-10 00:00:00,,
pl-A28_DIRNO76_PR46_1,pl,A28_DIRNO76_PR46_1,,Sans objet,Sans objet,Zone de stockage PL - Localisation : entre Fallencourt et Callengeville - Voie de gauche - Capacité : 400 - Intempérie : F,Sans objet,76,A0028,76PR38D,500,76,A0028,76PR46D,600,D,30,8100,DIRNO,,,0,0,0,,,FEMININ,DIRNO,Jean-Louis.Mounier@developpement-durable.gouv.fr,2013-04-10 00:00:00,,
pl-A28_DIRNO76_PR67_2,pl,A28_DIRNO76_PR67_2,,Sans objet,Sans objet,Zone de stockage PL - Localisation : entre Maucomble et Bosc-Mesnil - Voie de gauche - Capacité : 125 - Intempérie : F,Sans objet,76,A0028,76PR67G,0,76,A0028,76PR69G,500,G,31,2500,DIRNO,,,0,0,0,,,FEMININ,DIRNO,Jean-Louis.Mounier@developpement-durable.gouv.fr,2013-04-10 00:00:00,,
pl-A28_DIRNO76_PR76_2,pl,A28_DIRNO76_PR76_2,,Sans objet,Sans objet,Zone de stockage PL - Localisation : entre Yqueboeuf et Saint-Martin-d'Osmonville - Voie de gauche - Capacité : 300 - Intempérie : F,Sans objet,76,A0028,76PR84G,0,76,A0028,76PR82G,0,G,32,6000,DIRNO,,,0,0,0,,,FEMININ,DIRNO,Jean-Louis.Mounier@developpement-durable.gouv.fr,2013-04-10 00:00:00,,
pl-N154_DIRNO27_PR40_2,pl,N154_DIRNO27_PR40_2,,Sans objet,Sans objet,Zone de stockage PL - Localisation : entre Acquigny et Heudreville-sur-Eure - Voie de gauche - Capacité : 200 - Intempérie : F,Sans objet,27,N0154,27PR40D,0,27,N0154,27PR44D,0,D,7,4000,DIRNO,VRAI,,0,0,0,,,FEMININ,DIRNO,Jean-Louis.Mounier@developpement-durable.gouv.fr,2013-04-10 00:00:00,,
pl-A28_DIRNO76_PR90_1,pl,A28_DIRNO76_PR90_1,,Sans objet,Sans objet,Zone de stockage PL - Localisation : entre La-Rue-Saint-Pierre et Saint-André-sur-Cailly - Voie de gauche - Capacité : 300 - Intempérie : F,Sans objet,76,A0028,76PR84D,0,76,A0028,76PR90D,0,D,33,6000,DIRNO,,,0,0,0,,,FEMININ,DIRNO,Jean-Louis.Mounier@developpement-durable.gouv.fr,2013-04-10 00:00:00,,
pl-A84_DIRNO14_PR242_1,pl,A84_DIRNO14_PR242_1,,Sans objet,Sans objet,Zone de stockage PL - Localisation : entre Coulvain et Villers-Bocage - Voie de gauche - Capacité : 235 - Intempérie : F,Sans objet,14,A0084,14PR237D,250,14,A0084,14PR242D,0,D,1,4750,DIRNO,,,0,0,0,,,FEMININ,DIRNO,Jean-Louis.Mounier@developpement-durable.gouv.fr,2013-04-10 00:00:00,,
pl-A84_DIRNO14_PR249_2,pl,A84_DIRNO14_PR249_2,,Sans objet,Sans objet,Zone de stockage PL - Localisation : entre Mondrainville et Noyers-Bocage - Voie de gauche - Capacité : 320 - Intempérie : F,Sans objet,14,A0084,14PR249G,200,14,A0084,14PR255G,600,G,2,6400,DIRNO,,,0,0,0,,,FEMININ,DIRNO,Jean-Louis.Mounier@developpement-durable.gouv.fr,2013-04-10 00:00:00,,
pl-A84_DIRNO14_PR255_2,pl,A84_DIRNO14_PR255_2,,Sans objet,Sans objet,Zone de stockage PL - Localisation : entre Mouen et Mondrainville - Voie de gauche - Capacité : 170 - Intempérie : F,Sans objet,14,A0084,14PR255G,600,14,A0084,14PR259G,0,G,3,3400,DIRNO,,,0,0,0,,,FEMININ,DIRNO,Jean-Louis.Mounier@developpement-durable.gouv.fr,2013-04-10 00:00:00,,
pl-A84_DIRNO50_PR217_3,pl,A84_DIRNO50_PR217_3,,Sans objet,Sans objet,Zone de stockage PL - Localisation : Guilberville sur le parking du restaurant « Le Guilberville » - Capacité : 220 - Intempérie : F,Sans objet,50,A0084,50PR217D,290,50,A0084,50PR217D,390,2,12,1,DIRNO,,,0,0,0,,,FEMININ,DIRNO,Jean-Louis.Mounier@developpement-durable.gouv.fr,2013-04-10 00:00:00,,
pl-N12_DIRNO27_PR10_1,pl,N12_DIRNO27_PR10_1,,Sans objet,Sans objet,Zone de stockage PL - Localisation : entre Acon (27) et Dampierre-sur-Avre (28) - Voie de gauche - Capacité : 250 - Intempérie : F,Sans objet,27,N0012,27PR10D,300,27,N0012,27PR29U,235,D,5,5000,DIRNO,VRAI,,0,0,0,,,FEMININ,DIRNO,Jean-Louis.Mounier@developpement-durable.gouv.fr,2013-04-10 00:00:00,,
pl-N12_DIRNO28_PR29_2,pl,N12_DIRNO28_PR29_2,,Sans objet,Sans objet,Zone de stockage PL - Localisation : entre Dampierre-sur-Avre (28)  et Acon (27) - Voie de gauche - Capacité : 250 - Intempérie : F,Sans objet,27,N0012,27PR29U,235,27,N0012,27PR10G,300,G,9,5000,DIRNO,VRAI,,0,0,0,,,FEMININ,DIRNO,Jean-Louis.Mounier@developpement-durable.gouv.fr,2013-04-10 00:00:00,,
pl-N12_DIRNO61_PR49_2,pl,N12_DIRNO61_PR49_2,,Sans objet,Sans objet,Zone de stockage PL - Localisation : entre Mesnil-Broût et Vente-de-Bourse - Voie de gauche - Capacité : 100 - Intempérie : F,Sans objet,61,N0012,61PR49G,0,61,N0012,61PR51G,0,G,24,2000,DIRNO,VRAI,,0,0,0,,,FEMININ,DIRNO,Jean-Louis.Mounier@developpement-durable.gouv.fr,2013-04-10 00:00:00,,
pl-N12_DIRNO61_PR51_1,pl,N12_DIRNO61_PR51_1,,Sans objet,Sans objet,Zone de stockage PL - Localisation : entre Mesnil-Broût et Vente-de-Bourse - Voie de gauche - Capacité : 100 - Intempérie : F,Sans objet,61,N0012,61PR49D,0,61,N0012,61PR51D,0,D,23,2000,DIRNO,VRAI,,0,0,0,,,FEMININ,DIRNO,Jean-Louis.Mounier@developpement-durable.gouv.fr,2013-04-10 00:00:00,,
pl-N12_DIRNO61_PR61_2,pl,N12_DIRNO61_PR61_2,,Sans objet,Sans objet,Zone de stockage PL - Localisation : entre Valframbert et Cerisé - Voie de gauche - Capacité : 85 - Intempérie : F,Sans objet,61,N0012,61PR61D,300,61,N0012,61PR63D,700,D,25,1700,DIRNO,VRAI,,0,0,0,,,FEMININ,DIRNO,Jean-Louis.Mounier@developpement-durable.gouv.fr,2013-04-10 00:00:00,,
pl-N12_DIRNO61_PR63_1,pl,N12_DIRNO61_PR63_1,,Sans objet,Sans objet,Zone de stockage PL - Localisation : entre Valframbert et Cerisé - Voie de gauche - Capacité : 85 - Intempérie : F,Sans objet,61,N0012,61PR61G,300,61,N0012,61PR63G,700,G,26,1700,DIRNO,VRAI,,0,0,0,,,FEMININ,DIRNO,Jean-Louis.Mounier@developpement-durable.gouv.fr,2013-04-10 00:00:00,,
pl-N13_CUC50_Marettes_3,pl,N13_CUC50_Marettes_3,,Sans objet,Sans objet,Zone de stockage PL - Localisation : entre Cherbourg et Octeville au lieu-dit « Les Marettes » - Voie de gauche - Capacité : 50 - Intempérie : F,Sans objet,50,N0013,50PR52D,316,50,N0013,50PR52D,416,2,19,1000,DIRNO,VRAI,,0,0,0,,,FEMININ,DIRNO,Jean-Louis.Mounier@developpement-durable.gouv.fr,2013-04-10 00:00:00,,
pl-N13_DIRNO_PR49_2,pl,N13_DIRNO_PR49_2,,Sans objet,Sans objet,Zone de stockage PL - Localisation : La Glacerie au lieu-dit « Malraux » - Voie de gauche - Capacité : 140 - Intempérie : F,Sans objet,50,N0013,50PR49G,516,50,N0013,50PR52G,316,G,18,2800,DIRNO,VRAI,,0,0,0,,,FEMININ,DIRNO,Jean-Louis.Mounier@developpement-durable.gouv.fr,2013-04-10 00:00:00,,
pl-N13_DIRNO14_PR77_1,pl,N13_DIRNO14_PR77_1,,Sans objet,Sans objet,Zone de stockage PL - Localisation : entre Bretteville-L'Orgueilleuse et Saint-Germain-la-Blanche-Herbe - Voie de gauche - Capacité : 400 - Intempérie : F,Sans objet,14,N0013,14PR69D,230,14,N0013,14PR77D,800,D,4,8100,DIRNO,VRAI,,0,0,0,,,FEMININ,DIRNO,Jean-Louis.Mounier@developpement-durable.gouv.fr,2013-04-10 00:00:00,,
pl-N13_DIRNO50_PR8_3,pl,N13_DIRNO50_PR8_3,,Sans objet,Sans objet,Zone de stockage PL - Localisation : entre Meautis (Foirail) et Carentan sur le parking du Foirail - Capacité : 220 - Intempérie : F,Sans objet,50,N0013,50PR8D,200,50,N0013,50PR8D,300,2,13,1,DIRNO,VRAI,,0,0,0,,,FEMININ,DIRNO,Jean-Louis.Mounier@developpement-durable.gouv.fr,2013-04-10 00:00:00,,
pl-N154_DIRNO27_PR26_1,pl,N154_DIRNO27_PR26_1,,Sans objet,Sans objet,Zone de stockage PL - Localisation : entre Grossoeuvre et Le Vieil Évreux - Voie de gauche - Capacité : 225 - Intempérie : F,Sans objet,27,N0154,27PR22D,0,27,N0154,27PR26D,500,D,6,4500,DIRNO,VRAI,,0,0,0,,,FEMININ,DIRNO,Jean-Louis.Mounier@developpement-durable.gouv.fr,2013-04-10 00:00:00,,
pl-N12_DIRNO61_PR2_1,pl,N12_DIRNO61_PR2_1,,Sans objet,Sans objet,Zone de stockage PL - Localisation : entre Armentières-sur-Avre et Saint-Maurice-les-Charencey - Voie de gauche - Capacité : 140 - Intempérie : F,Sans objet,61,N0012,61PR2D,778,61,N0012,61PR0U,0,D,21,704,DIRNO,VRAI,,1,0,0,,,FEMININ,DIRNO,jean-michel.poux@developpement-durable.gouv.fr,2021-03-26 08:46:02,,
pl-N154_DIRNO27_PR44_1,pl,N154_DIRNO27_PR44_1,,Sans objet,Sans objet,Zone de stockage PL - Localisation : entre Acquigny et Heudreville-sur-Eure - Voie de gauche - Capacité : 200 - Intempérie : F,Sans objet,27,N0154,27PR40D,0,27,N0154,27PR44D,0,D,8,4000,DIRNO,VRAI,,0,0,0,,,FEMININ,DIRNO,Jean-Louis.Mounier@developpement-durable.gouv.fr,2013-04-10 00:00:00,,
pl-N154_DIRNO28_PR76_1,pl,N154_DIRNO28_PR76_1,,Sans objet,Sans objet,Zone de stockage PL - Localisation : entre Serazereux et Challet - Voie de gauche - Capacité : 100 - Intempérie : F,Sans objet,28,N0154,28PR74D,300,28,N0154,28PR76D,300,D,11,2000,DIRNO,VRAI,,0,0,0,,,FEMININ,DIRNO,Jean-Louis.Mounier@developpement-durable.gouv.fr,2013-04-10 00:00:00,,
pl-N174_DIRNO50_PR3_1,pl,N174_DIRNO50_PR3_1,,Sans objet,Sans objet,Zone de stockage PL - Localisation : Guilberville - Voie de gauche - Capacité : 102 - Intempérie : F,Sans objet,50,N0174,50PR0D,600,50,N0174,50PR3D,0,D,16,2050,DIRNO,VRAI,,0,0,0,,,FEMININ,DIRNO,Jean-Louis.Mounier@developpement-durable.gouv.fr,2013-04-10 00:00:00,,
pl-N175_DIRNO50_PR41_2,pl,N175_DIRNO50_PR41_2,,Sans objet,Sans objet,Zone de stockage PL - Localisation : entre Ponts et Avranches - Voie de gauche - Capacité : 117 - Intempérie : F,Sans objet,50,N0175,50PR39G,600,50,N0175,50PR41G,700,G,17,2340,DIRNO,VRAI,,0,0,0,,,FEMININ,DIRNO,Jean-Louis.Mounier@developpement-durable.gouv.fr,2013-04-10 00:00:00,,
ZPL_CGKA_701646772,pl,ZPL_CGKA_701646772,,Sans Objet,Sans Objet,Zone de stockage PL A68_1_Gaillac - Localisation : Voie de droite et BAU - Nb voies : 2 - Capacité : 232 - Délai MO : 02h00 - Durée HC : >8h00 - Durée HP : 05h00 - Intempérie : F,Sans Objet,81,A0068,81PR43G,840,81,A0068,81PR46G,160,G,1,,DIRSO,,,0,0,0,,,FEMININ,DIRSO,Jean-Louis.Mounier@developpement-durable.gouv.fr,2013-02-05 00:00:00,,
PL_86_N0010_ ??_N0010,pl,PL_86_N0010_ ??,,Stockage PL pleine voie de Couhé,Couhé,Stockage 420 PL pleine voie –  sens Bordeaux/Poitiers,stockage 420 pl pleine voie –  sens bordeaux/poitiers,86,N0010,86PR92G,0,86,N0010,86PR87G,800,G,3,4200,,VRAI,,0,0,0,,,MASCULIN,DIRA,gls2@developpement-durable.gouv.fr,2014-10-10 14:37:39,,
pl-42-08-A34-51-1,pl,42-08-A34-51-1,,Zone stockage,Zone stockage,Zone stockage A34 sens plus – PR46  – Capacité : PL = 250,Zone stockage A34 sens plus – PR46,8,A0034,08PR46D,0,8,A0034,08PR51D,0,D,1,4000,DIRN,A34 du PR46,au PR51,0,0,0,,,FEMININ,DIRN,Jean-Louis.Mounier@developpement-durable.gouv.fr,2013-04-04 00:00:00,,
pl-42-08-A34-58-2,pl,42-08-A34-58-2,,Zone stockage,Zone stockage,Zone stockage A34 sens moins – PR58+000 - Capacité : PL = 400,Zone stockage A34 sens moins – PR58+000,8,A0034,08PR58G,0,8,A0034,08PR66G,0,G,2,8000,DIRN,A34 du PR58,au PR66,0,0,0,,,FEMININ,DIRN,Jean-Louis.Mounier@developpement-durable.gouv.fr,2013-04-04 00:00:00,,
pl-42-51-A34-104-1,pl,42-51-A34-104-1,,Zone stockage,Zone stockage,Zone stockage A34 sens plus – PR100+350 - Capacité : PL = 185,Zone stockage A34 sens plus – PR100+350,51,A0034,51PR100D,350,51,A0034,51PR104D,0,D,3,3650,DIRN,A34 du PR100+350,au PR104,0,0,0,,,FEMININ,DIRN,Jean-Louis.Mounier@developpement-durable.gouv.fr,2013-04-04 00:00:00,,
pl-42-51-A34-105-2,pl,42-51-A34-105-2,,Zone stockage,Zone stockage,Zone stockage A34 sens moins – PR105+000 - Capacité : PL = 240,Zone stockage A34 sens moins – PR105+000,51,A0034,51PR105G,0,51,A0034,51PR109G,400,G,4,4400,DIRN,A34 du PR105,au PR109+400,0,0,0,,,FEMININ,DIRN,Jean-Louis.Mounier@developpement-durable.gouv.fr,2013-04-04 00:00:00,,
PL_16_N0010_04_N0010,pl,PL_16_N0010_04,,Stockage PL hors axe Maine de Boixe ouest,Aire de repos Maine de Boixe O,Stockage 400 PL hors axe – Aire de repos Maine de Boixe ouest + restaurant La Belle Cantinière – accès sens nord/sud,aire de repos maine de boixe ouest – capacité 400 pl avec restaurant la belle cantinière,16,N0010,16PR29D,200,,,,,D,4,100,DIRA,FAUX,,0,0,0,481756,6530248,MASCULIN,DIRA,christophe.castagnet@developpement-durable.gouv.fr,2016-04-07 00:00:00,,
PL_16_N0010_05_N0010,pl,PL_16_N0010_05,,Stockage PL hors axe La Belle Cantinière,Restaurant La Belle Cantinière,Stockage 400 PL hors axe – Restaurant La Belle Cantinière + aire de repos Maine de Boixe ouest – accès sens nord/sud,restaurant la belle cantinière – capacité 400 pl avec aire de repos maine de boixe ouest,16,N0010,16PR31D,0,,,,,D,5,100,DIRA,FAUX,,0,0,0,482023,6528522,MASCULIN,DIRA,christophe.castagnet@developpement-durable.gouv.fr,2016-04-07 00:00:00,,
PL_16_N0010_06_N0010,pl,PL_16_N0010_06,,Stockage PL pleine voie  Tourriers,Tourriers,Stockage 320 PL pleine voie –  sens Bordeaux/Poitiers,stockage 320 pl pleine voie –  sens bordeaux/poitiers,16,N0010,16PR32G,100,16,N0010,16PR35G,300,G,6,3200,DIRA,VRAI,,0,0,0,,,MASCULIN,DIRA,christophe.castagnet@developpement-durable.gouv.fr,2016-04-07 00:00:00,,
PL_16_N0010_07_N0010,pl,PL_16_N0010_07,,Stockage PL hors axe  de Barbezieux,Centre routier de Barbezieux,Stockage 350 PL hors axe  – accès dans les 2 sens par échangeur Barbezieux centre,centre routier de barbezieux – capacité 350 pl  – accès dans les 2 sens par échangeur barbezieux centre,16,N0010,16PR84D,665,,,,,D,7,100,DIRA,FAUX,,0,0,0,454365,6489413,MASCULIN,DIRA,christophe.castagnet@developpement-durable.gouv.fr,2016-04-07 00:00:00,,
PL_16_N0010_08_N0010,pl,PL_16_N0010_08,,Stockage PL pleine voie  de Barbezieux,Barbezieux,Stockage 470 PL pleine voie –  sens Poitiers/Bordeaux et Bordeaux/Poitiers,stockage 470 pl pleine voie –  sens poitiers/bordeaux et bordeaux/poitiers,16,N0010,16PR84D,200,16,N0010,16PR88D,900,I,8,4700,DIRA,VRAI,,0,0,0,,,MASCULIN,DIRA,christophe.castagnet@developpement-durable.gouv.fr,2016-04-07 00:00:00,,
PL_16_N0010_09_N0141,pl,PL_16_N0010_09,,Stockage PL pleine voie  de Chasseneuil,Chasseneuil,Stockage 550 PL pleine voie –  sens Limoges/Angoulême et sens Angoulême/Limoges,stockage 550 pl pleine voie –  sens limoges/angoulême et sens angoulême/limoges,16,N0141,16PR32U,278,16,N0141,16PR37D,850,I,9,5550,DIRA,VRAI,,0,0,0,,,MASCULIN,DIRA,christophe.castagnet@developpement-durable.gouv.fr,2016-04-07 00:00:00,,
PL_79_N0010_03_N0010,pl,PL_79_N0010_03,,Stockage PL hors axe Les Maisons Blanches,Les Maisons Blanches,Stockage 250 PL hors axe – Restaurant - accès dans les 2 sens par échangeur des Maisons Blanches,restaurant les maisons blanches – capacité 250 pl – accès dans les 2 sens par échangeur des maisons blanches,79,N0010,79PR1G,1000,,,,,G,3,100,DIRA,FAUX,,0,0,0,482228,6563177,MASCULIN,DIRA,christophe.castagnet@developpement-durable.gouv.fr,2016-04-07 00:00:00,,
PL_86_N0010_01_N0010,pl,PL_86_N0010_01,,Stockage PL hors axe  Les Minières,Centre routier Les Minières,Stockage 200 PL hors axe  - Centre routier –  accès dans les 2 sens par échangeur Minières sud,centre routier  les minières – capacité 200 pl – accès dans les 2 sens par échangeur minières sud,86,N0010,86PR83G,40,,,,,G,1,100,DIRA,FAUX,,0,0,0,484567,6588120,MASCULIN,DIRA,christophe.castagnet@developpement-durable.gouv.fr,2016-04-07 00:00:00,,
PL_86_N0010_02_N0010,pl,PL_86_N0010_02,,Stockage PL pleine voie de Couhé,Couhé,Stockage 420 PL pleine voie –  sens Poitiers/Bordeaux et Bordeaux/Poitiers,stockage 420 pl pleine voie –  sens poitiers/bordeaux et bordeaux/poitiers,86,N0010,86PR87D,800,86,N0010,86PR92D,0,I,2,4200,DIRA,VRAI,,0,0,0,,,MASCULIN,DIRA,christophe.castagnet@developpement-durable.gouv.fr,2016-04-07 00:00:00,,
DIRCO - ZPL_ERMN_375857656,pl,DIRCO - ZPL_ERMN_375857656,,Sans Objet,Sans Objet,Zone de stockage PL Lamaids (PGT_RN145) - Localisation : Section à 2*2 voies - Nb voies : 1 - Capacité : 125 - Intempérie : F,Sans Objet,3,N0145,03PR0G,0,3,N0145,03PR2G,500,G,0,,DIRCO,VRAI,,0,0,0,655197.05,6577045.03,FEMININ,DIRCO,Gilbert.Bonnet@developpement-durable.gouv.fr,2016-07-04 00:00:00,,
ZPL_USXV_864023301,pl,ZPL_USXV_864023301,,Sans Objet,Sans Objet,Zone de stockage PL A20_DIRCO18_PR2_1 - Localisation : VD - Nb voies : 1 - Capacité : 95 - Intempérie : F - Commentaire : Neutralisation,Sans Objet,18,A0020,18PR0D,500,18,A0020,18PR2D,400,D,0,,DIRCO,,,0,0,0,628439.57,6683085.21,FEMININ,DIRCO,Gilbert.Bonnet@developpement-durable.gouv.fr,2016-07-04 00:00:00,,
ZPL_CGKA_529012054,pl,ZPL_CGKA_529012054,,Sans Objet,Sans Objet,Zone de stockage PL RN145_1_La Prade - Localisation : Voie de droite - Nb voies : 1 - Capacité : 275 - Délai MO : 02h30 - Durée HC : 05h00 - Durée HP : 02h30 - Intempérie : F,Sans Objet,23,N0145,23PR11D,0,23,N0145,23PR18D,0,D,0,,DIRCO,VRAI,,0,0,0,621446.15,6567517.93,FEMININ,DIRCO,Gilbert.Bonnet@developpement-durable.gouv.fr,2016-07-04 00:00:00,,
ZPL_CGKA_814020261,pl,ZPL_CGKA_814020261,,Sans Objet,Sans Objet,Zone de stockage PL RN145_2_Villechabut - Localisation : Voie de droite - Nb voies : 1 - Capacité : 310 - Délai MO : 02h30 - Intempérie : F,Sans Objet,23,N0145,23PR53G,500,23,N0145,23PR60G,0,G,0,,DIRCO,VRAI,,0,0,0,584531.87,6570750.52,FEMININ,DIRCO,Gilbert.Bonnet@developpement-durable.gouv.fr,2016-07-04 00:00:00,,
ZPL_USXV_715846772,pl,ZPL_USXV_715846772,,Sans Objet,Sans Objet,Zone de stockage PL A20_DIRCO36_PR68_2 - Localisation : BAU - Nb voies : 1 - Capacité : 200 - Intempérie : F - Commentaire : Neutralisation (tri sur aire),Sans Objet,36,A0020,36PR68G,800,36,A0020,36PR73G,800,G,0,,DIRCO,,,0,0,0,595960.66,6630041.74,FEMININ,DIRCO,Gilbert.Bonnet@developpement-durable.gouv.fr,2016-07-04 00:00:00,,
ZPL_CGKA_714889012,pl,ZPL_CGKA_714889012,,Sans Objet,Sans Objet,Zone de stockage PL A20_1_La Croisiere - Localisation : BAU - Nb voies : 1 - Capacité : 200 - Délai MO : 02h00 - Durée HC : 02h15 - Durée HP : 01h15 - Intempérie : F,Sans Objet,87,A0020,87PR138D,500,87,A0020,87PR142D,400,D,0,,DIRCO,,,0,0,0,575266.3,6567381.64,FEMININ,DIRCO,Gilbert.Bonnet@developpement-durable.gouv.fr,2016-07-04 00:00:00,,
ZPL_CGKA_447178025,pl,ZPL_CGKA_447178025,,Sans Objet,Sans Objet,Zone de stockage PL A20_2_Limoges Nord - Localisation : BAU - Nb voies : 1 - Capacité : 125 - Délai MO : 02h00 - Durée HC : 01h45 - Durée HP : 01h00 - Intempérie : F - Commentaire : PR d'alerte = début du stockage,Sans Objet,87,A0020,87PR171G,500,87,A0020,87PR174G,0,G,0,,DIRCO,,,0,0,0,568528.88,6537779.88,FEMININ,DIRCO,Gilbert.Bonnet@developpement-durable.gouv.fr,2016-07-04 00:00:00,,
ZPL_CGKA_786012052,pl,ZPL_CGKA_786012052,,Sans Objet,Sans Objet,Zone de stockage PL A20_3_Limoges La Bastide - Localisation : BAU - Nb voies : 1 - Capacité : 150 - Délai MO : 02h00 - Durée HC : 02h00 - Durée HP : 01h00 - Intempérie : F,Sans Objet,87,A0020,87PR178D,0,87,A0020,87PR181D,0,D,0,,DIRCO,,,0,0,0,567159.82,6531173.42,FEMININ,DIRCO,Gilbert.Bonnet@developpement-durable.gouv.fr,2016-07-04 00:00:00,,
ZPL_CGKA_811020261,pl,ZPL_CGKA_811020261,,Sans Objet,Sans Objet,Zone de stockage PL A20_4_Briance_Ligoure - Localisation : BAU - Nb voies : 1 - Capacité : 275 - Délai MO : 02h00 - Durée HC : 05h30 - Durée HP : 02h30 - Intempérie : F,Sans Objet,87,A0020,87PR205G,500,87,A0020,87PR211G,0,G,0,,DIRCO,,,0,0,0,574230.97,6509066.89,FEMININ,DIRCO,Gilbert.Bonnet@developpement-durable.gouv.fr,2016-07-04 00:00:00,,
ZPL_USXV_664220263,pl,ZPL_USXV_664220263,,Sans Objet,Sans Objet,Zone de stockage PL A20_DIRCO36_PR60_1 - Localisation : BAU - Nb voies : 1 - Capacité : 200 - Intempérie : F - Commentaire : Neutralisation (tri sur échangeur 12),Sans Objet,36,A0020,36PR60D,300,36,A0020,36PR55D,300,D,0,4947,DIRCO,,,1,0,0,600907.55,600907.55,FEMININ,DIRCO,Jean-Michel.Poux@developpement-durable.gouv.fr,2018-01-18 10:36:30,,
DIRCO - ZPL_ERMN_696810423,pl,DIRCO - ZPL_ERMN_696810423,,Sans Objet,Sans Objet,Zone de stockage PL Lamaids (PGT_RN145) - Localisation : Section à 2*2 voies - Nb voies : 1 - Capacité : 125 - Intempérie : F,Sans Objet,3,N0145,03PR2D,500,3,N0145,03PR0D,0,D,0,1973,DIRCO,VRAI,,1,0,0,655202.1,655202.1,FEMININ,DIRCO,Jean-Michel.Poux@developpement-durable.gouv.fr,2018-01-18 10:34:09,,
pl-N12_DIRNO61_PR0_2,pl,N12_DIRNO61_PR0_2,,Sans objet,Sans objet,Zone de stockage PL - Localisation : entre Armentières-sur-Avre et Saint-Maurice-les-Charencey - Voie de gauche - Capacité : 140 - Intempérie : F,Sans objet,61,N0012,61PR0U,0,61,N0012,61PR2G,778,G,22,1369,DIRNO,VRAI,,1,0,0,,,FEMININ,DIRNO,jean-michel.poux@developpement-durable.gouv.fr,2021-03-26 08:43:39,,
Pl_18,pl,Stock_PL_N79_71PR22D,,70,70,Champlecy _ 42-71-N79-22-1 _ capacité 70 - située sur PARKING (La Redoute)  _ District Mâcon _ CEI PARAY LE MONIAL,zone de stockage PL N° 42-71-N79-22-1 de Champlecy,71,N0079,71PR22D,500,71,N0079,71PR22D,510,D,,10,DIRCE,VRAI,,1,0,0,,,FEMININ,DIRCE,jean-michel.poux@developpement-durable.gouv.fr,2022-03-28 17:07:50,,
